1.732854998483451608e-04
2.536308663793638901e-04
3.312072525385922265e-04
3.930818125465670174e-04
4.216704323280661619e-04
3.551623925680095248e-04
3.008678269603537285e-04
3.194424089194457987e-04
3.668239037829119074e-04
2.817586990367842493e-04
2.235402669283012578e-04
2.449673366401101168e-04
3.442898589988340418e-04
3.358016520950950364e-04
3.236207459955737944e-04
4.155349013111183602e-04
2.706722836656139607e-04
2.006180338049392718e-04
2.235248214842550877e-04
2.692232776194995671e-04
2.808835745912363537e-04
2.223401116439741650e-04
2.715138399529642521e-04
2.868583325661883707e-04
2.942625226663898191e-04
3.824437458578891741e-04
3.826765637088002671e-04
4.064515993890915305e-04
4.613432119870453942e-04
4.812970916218116966e-04
4.717435184785956684e-04
4.083048139405929980e-04
3.700275405766344943e-04
4.809212077201476540e-04
5.724181400710281207e-04
6.377713961547274877e-04
5.941859021932559791e-04
6.687157523630071375e-04
7.189550290512196178e-04
7.320109171429956159e-04
7.907518623301611812e-04
8.071624299415258979e-04
8.713267074874886907e-04
8.571562036972695323e-04
9.632699068243368631e-04
1.076727850892704582e-03
1.039362363385921018e-03
1.106403904814879866e-03
1.141356616834602548e-03
1.110591187080478678e-03
1.086548472692310321e-03
1.059213936489788316e-03
1.043118380961913488e-03
1.000483143213754802e-03
1.039701259170994424e-03
9.265070578972540733e-04
7.855672452302052107e-04
8.330259683012786100e-04
7.755828730165570785e-04
8.021540286290065186e-04
7.567378352198097114e-04
7.390548003510125172e-04
7.406491033441093283e-04
7.068014088897718247e-04
6.208810198581070144e-04
5.046232498098761777e-04
3.305071917235350635e-04
3.675622999026618835e-04
2.851751439342199907e-04
3.561557034165506279e-04
3.246532264770645836e-04
4.264335126796071429e-04
5.478829073353408364e-04
6.469267193178328702e-04
6.773237246586038141e-04
7.894453213677737023e-04
9.244956858791237913e-04
8.935812387478174771e-04
1.027651322477621948e-03
9.735171417345482754e-04
1.195842282036185117e-03
1.210433565319394720e-03
1.277155005935691479e-03
1.420158275219969351e-03
1.391759231200458960e-03
1.401929967678338393e-03
1.403018858740404974e-03
1.568636802985272881e-03
1.455614064304766846e-03
1.532286585431520643e-03
1.641869155149944335e-03
1.617194391437308098e-03
1.627387708094316142e-03
1.504111786708630999e-03
1.617981706843020636e-03
1.531526777917791233e-03
1.487992921510272867e-03
1.444279412895381866e-03
1.243871381170241330e-03
1.236970424392032798e-03
1.191644137396376127e-03
1.276358812225835641e-03
1.176857820491278121e-03
1.109555081535609561e-03
1.046824103398586369e-03
1.078640572530361729e-03
1.002322773788014284e-03
1.139006007295554701e-03
1.088173949453402406e-03
8.014482709137481014e-04
4.818274076118075270e-04
7.955150454177959372e-04
5.824464465245502180e-04
3.865283251738692999e-04
1.547714433135734041e-04
2.776359506944183517e-04
3.449799640150004541e-04
2.550203445917317846e-04
4.337642240855512786e-04
6.066626094796964208e-04
1.068604686706935798e-03
8.757720502002673676e-04
9.971079472489451957e-04
1.056187325884958873e-03
1.385156657755564659e-03
1.535758692381058001e-03
1.420152923074619392e-03
1.428146396014063268e-03
1.389707334002275065e-03
1.573416134865421138e-03
1.736742611579694109e-03
1.544407564472602369e-03
1.451811665506766132e-03
1.456323566528805241e-03
1.623882088745007540e-03
1.508814321339988071e-03
1.500262537104399621e-03
1.331093190927491688e-03
1.329785891889380487e-03
1.376866408937964898e-03
1.327168012764456907e-03
1.244258365158820538e-03
1.072835759475149068e-03
1.166379772132160883e-03
1.089073332300256186e-03
1.106520633957693575e-03
8.738253202221116884e-04
7.447989987425303760e-04
7.222170846891701060e-04
7.226723077886844544e-04
7.904966032611548043e-04
6.858165109320696643e-04
5.850504068627177152e-04
6.008423746689417911e-04
6.717779017401065509e-04
5.944162189145114732e-04
6.562622408284907345e-04
6.542086821948764168e-04
3.766098238403887293e-04
4.121164717905580329e-04
4.644476508396837354e-04
2.978840854807192329e-04
3.130430288656057517e-04
2.134958110732128659e-04
1.777124594203134331e-04
5.759746394310399079e-05
1.457688105212030826e-04
3.343761135873746389e-04
5.273346589495281518e-04
3.216409195638806522e-04
5.204330606966659509e-04
7.218485258020301484e-04
7.564228064890417573e-04
9.784942562072161416e-04
9.059171012490305425e-04
8.793357940541798000e-04
7.288606858627518035e-04
8.955721216150415746e-04
1.048841948800565685e-03
9.152385808111392768e-04
9.301672734080019406e-04
8.899746625848917658e-04
9.886090372566995639e-04
9.835384830633518531e-04
8.741212766583260785e-04
7.524563973878836470e-04
7.613129526413347321e-04
9.292515151304902091e-04
8.181329089743413861e-04
8.074330078695137218e-04
4.767457209631332593e-04
4.532817026926513936e-04
5.674968818396282453e-04
4.640820259026961592e-04
3.833743187810625475e-04
3.354094152146731909e-04
5.919420687165425797e-04
5.773580260378802231e-04
6.069976200150169372e-04
5.278046705692629762e-04
8.055433420576299779e-04
7.101260818272609474e-04
8.329061529202465720e-04
8.395511559843215005e-04
9.008450342965713866e-04
1.004548473206397317e-03
6.566578024881461906e-04
6.723925718684875237e-04
8.565285746390053885e-04
6.957793095714692559e-04
7.077684332024478759e-04
4.206338031088250576e-04
3.031065604250275463e-04
3.971089845815696691e-04
2.220396993912085416e-04
2.415269867548889714e-04
3.078551200339630202e-04
1.707099765610582372e-04
2.236504418680249865e-04
3.294268328347653581e-04
4.482786664080846192e-04
6.112030951537362859e-04
5.733734470492020873e-04
5.468701166158727476e-04
5.141775600617630188e-04
6.010042781198082513e-04
7.262696043517833343e-04
7.018325697835083509e-04
5.561568897333147264e-04
7.300137990027916147e-04
7.579840642294889816e-04
8.747507051093167309e-04
8.536580277948784641e-04
7.628109891311006443e-04
7.093543799247599858e-04
8.506075287020828423e-04
1.006790091272199246e-03
7.490463572440424645e-04
5.918746375839043384e-04
5.633845045966038656e-04
9.191361067643449541e-04
7.410846310347647334e-04
7.138950379624922887e-04
6.874641087817971990e-04
6.982540673283370650e-04
7.343697653327718906e-04
7.893985197844364870e-04
5.939854334073180631e-04
6.304142293352340025e-04
6.324169332934750660e-04
7.375237371905726032e-04
9.175623942943566267e-04
7.491821009339988272e-04
9.780992447535653573e-04
1.081583647506157960e-03
7.800237478364441604e-04
6.529182254125178060e-04
8.436416846920091533e-04
8.274090922388423024e-04
8.747005001641176532e-04
7.508900444507308992e-04
6.757764276611408780e-04
7.182145934418152251e-04
6.605939983726366333e-04
7.737557127696169769e-04
6.712714080501651403e-04
5.163124155349868441e-04
5.246086669881025281e-04
5.088589647828736535e-04
6.293373863676818758e-04
7.551090732034816981e-04
5.934865639167516763e-04
6.190385503541273203e-04
6.073324648123705916e-04
6.109279081731137928e-04
6.095537265108295607e-04
4.441043217369767572e-04
5.651263067578236746e-04
6.080352494394087324e-04
6.554521417366479703e-04
6.139292062882608161e-04
5.800692611184896834e-04
6.913312414648895314e-04
5.535919297596047887e-04
6.156454514101196299e-04
7.120810588121445411e-04
4.275184915656135673e-04
3.610892584917457879e-04
2.657467615950291477e-04
3.813984815158108087e-04
4.186435052373547842e-04
9.744039931906846850e-05
1.544598616251839000e-04
1.297535627171067464e-04
1.825469728044660340e-04
2.640322572900284030e-04
2.351310405413818791e-04
1.528611267922145710e-04
2.838413027003834849e-04
4.057462217508556483e-04
3.233302004440516387e-04
1.406213213562656616e-04
3.849746019063282772e-04
6.690314632765206057e-04
7.266774251264926116e-04
2.756094761026521046e-04
3.178664712014273052e-04
5.023853004581845319e-04
5.587304426160471247e-04
7.774819547741173035e-04
6.694365057642880134e-04
6.878712957988581192e-04
5.230300441001579448e-04
4.943755565545320842e-04
8.674665327033637390e-04
7.177994253204085344e-04
7.046866018669026115e-04
6.863790462319495659e-04
7.746018787236601125e-04
8.368335025693774331e-04
9.345589440264263047e-04
8.444394525570558460e-04
5.596312839187265239e-04
9.151697899149788783e-04
8.481164575172393675e-04
9.842976747293037589e-04
9.610321492688290784e-04
8.162020429419233761e-04
9.057196489392675904e-04
8.720155542788159521e-04
1.122225690955156504e-03
6.508057368681798233e-04
7.776964030114204892e-04
5.855689670991912716e-04
8.076684612349728423e-04
5.902705543880089681e-04
4.492156948100071512e-04
5.149014577699515113e-04
4.518053864991693138e-04
7.153859515050977171e-04
2.309158086769114800e-04
5.179427444989383785e-04
4.746596737445377503e-04
7.099799792938280094e-04
7.303361610027308366e-04
6.180716633726890136e-04
5.681116596205363018e-04
6.686720809264519927e-04
7.669591905970664500e-04
7.324149961724393766e-04
5.362444034882170784e-04
5.577280430634665945e-04
6.534383251992764707e-04
7.433408602438389395e-04
4.174854327461501036e-04
1.365548244190005088e-04
4.062908021970677939e-04
3.450266481272577139e-04
4.544867855392068553e-04
4.512483914787824017e-04
3.318108547552274632e-04
3.036739594150571838e-04
2.483731167910187255e-04
4.037881721722713711e-04
6.940103060716071911e-04
7.308612793228368544e-04
7.355521744078336553e-04
6.273444725663617503e-04
6.608494573209146728e-04
8.524261290856725848e-04
9.422894655873033203e-04
8.736170625812092385e-04
5.770611899702030034e-04
1.052565642305229717e-03
1.126449664542088528e-03
1.108681926734111358e-03
1.146016410682215150e-03
9.669770092627354846e-04
1.173828337969242460e-03
1.148592861224704761e-03
1.310992387415474457e-03
1.070739494708632155e-03
8.424703561652960434e-04
9.769115795979863709e-04
1.110495790022763760e-03
1.091612977289472923e-03
6.656431379477068021e-04
5.604746011163859844e-04
6.956165369041947440e-04
7.195277294247888781e-04
8.352812116224034127e-04
6.314377810399810550e-04
5.872565069787792462e-04
7.505992450729080537e-04
5.972067948871855611e-04
6.489895562056211551e-04
2.825676965694351689e-04
6.294528136113773436e-04
7.467687677372952630e-04
6.363572999849245347e-04
7.969647185871231226e-04
4.529841107108066502e-04
6.879811940025067117e-04
7.816352384741772881e-04
7.479475452479144183e-04
4.241566005021486264e-04
2.713197646133269809e-04
5.304979967410148115e-04
5.320618681044791574e-04
5.158959398133180357e-04
3.187482455697121801e-04
1.637672632584479112e-04
1.212932992264802829e-04
2.361102567768597180e-04
4.629880052280431024e-04
4.343216591724536452e-04
2.664969286766076919e-04
3.311822634870150448e-04
4.358789745412818776e-04
7.737920469732200530e-04
7.910419197391138938e-04
7.691933190784659528e-04
5.291427846210195471e-04
4.778886301415395232e-04
9.422299418539862356e-04
9.399222688898139968e-04
1.020714388185608914e-03
8.449547558635356901e-04
5.912397063901850833e-04
8.856988817075309639e-04
9.204315545649223961e-04
8.735097832790278622e-04
5.045729609867338804e-04
5.196194287176755366e-04
8.229049011105218740e-04
6.890844000865144463e-04
6.178532334722455733e-04
2.860923904480743149e-04
4.314132478976435590e-04
4.660775027487008143e-04
6.337100065617699016e-04
2.512186151435791335e-04
3.786898042518890232e-04
6.078153620277118932e-04
6.788873536709076444e-04
6.428670896419023907e-04
4.963885034197486551e-04
5.650810378917192145e-04
6.125532204512623355e-04
7.426910922147658472e-04
6.069817111038752549e-04
5.937417239009212550e-04
4.983168430096172495e-04
7.028524616573196982e-04
7.693705035715042804e-04
5.885129617428879302e-04
2.740475642068091757e-04
3.740524466383862582e-04
6.041482050089242144e-04
6.122920009347340188e-04
5.583127397969413078e-04
2.986176740430395273e-04
2.132837674415050773e-04
3.551282259297254681e-04
5.579540648482945314e-04
6.023463657798687650e-04
5.002362511467105645e-04
4.012979824202442800e-04
2.884661985503001965e-04
3.475417581327910140e-04
5.608514651603426588e-04
7.383174933884115599e-04
5.597320684774957688e-04
4.293694425168937626e-04
7.455023715777882786e-04
9.115473597058515497e-04
9.840066877074905068e-04
7.845435720293630726e-04
6.220458504843166510e-04
7.004707680665832282e-04
8.911382744511627289e-04
9.926744718707124562e-04
7.309520184921354394e-04
5.998747996593853903e-04
5.625779216215259261e-04
7.102750945290024764e-04
8.070827816658398927e-04
3.982383095961638413e-04
3.489217665647670959e-04
3.633812105923229542e-04
8.161053758025810234e-04
6.345028205029864133e-04
4.615660494190288788e-04
4.966913053589459793e-04
6.720965035892019794e-04
7.369964483257899742e-04
5.460687654839946900e-04
5.045014140386122874e-04
4.230446515514192868e-04
9.132408033746061563e-04
7.957454161676054145e-04
7.723464165251400435e-04
5.798660543477806781e-04
5.564636397756616898e-04
7.362971408602468756e-04
7.288421556286104209e-04
8.992843040644592440e-04
6.307782490598268232e-04
4.342373732825276331e-04
5.388443607460084977e-04
7.473201172691549925e-04
8.474983552388960480e-04
5.934746536942994049e-04
4.655499704922982300e-04
4.451937618555699278e-04
6.587493977039144289e-04
7.884478408027383685e-04
6.843495706441066239e-04
5.462006768039289221e-04
5.713517301960210513e-04
7.016537966389754886e-04
8.885282659593882757e-04
8.985571516031834807e-04
9.181278714306077143e-04
6.238505005164063279e-04
7.716552078886754554e-04
1.108312518181226412e-03
9.424110746533035992e-04
1.019163301995481153e-03
5.505521528185084411e-04
9.051671200167154402e-04
7.337674339454848755e-04
1.062765883100203444e-03
9.355753532930123715e-04
4.083085407610929896e-04
7.276483602955591311e-04
4.506016985680195291e-04
9.644175602285168626e-04
4.332503738841885703e-04
3.968313550437974177e-04
4.409380403061517392e-04
5.186004075608244192e-04
6.549076837164551253e-04
4.348888444730746126e-04
1.957188913705345385e-04
7.833247149968283014e-04
5.204932354371106899e-04
5.814055719162473327e-04
4.392817663495046589e-04
3.185762346533138633e-04
6.553430294286854713e-04
3.983668227828082351e-04
4.989715218386293460e-04
1.058196876489857788e-04
3.133168816125419284e-04
2.713545544225574153e-04
4.064338868035226402e-04
2.719000337042306995e-04
3.011844769220731449e-04
2.674939018156023869e-04
1.464309891905152716e-04
3.292488792068900476e-04
3.651508157360961425e-04
6.253457118763604012e-04
4.322069108702655815e-04
3.240552945022161929e-04
2.673063383076951498e-04
3.974188937442287126e-04
6.072412904507475551e-04
6.124914838407676367e-04
5.315016621774826385e-04
4.842652205510841225e-04
6.582316014005653139e-04
9.151762901177578008e-04
1.057584706938072619e-03
9.968352519403283606e-04
9.628072829515357768e-04
8.265445098467044801e-04
1.145420977884135938e-03
1.182071559698543188e-03
9.428993863919521521e-04
9.170127649522828673e-04
6.168414370450204251e-04
1.146936332466249502e-03
1.185993896039501047e-03
9.000808802934493966e-04
9.043586325225139297e-04
2.745221813547144203e-04
1.259645462119946902e-03
7.498690456006098896e-04
6.523656936344099117e-04
8.211737755805316756e-04
3.890483357222861995e-04
1.180850383850981598e-03
4.556470858786852360e-04
6.421155859171097120e-04
2.882454817115276706e-04
4.782931496183081090e-04
6.299619754353580911e-04
4.354417226316939114e-04
4.594072983306371591e-04
2.531710153089871025e-04
3.968428843096594681e-04
5.241086266757300979e-04
3.627892136030055350e-04
2.040104591417582979e-04
2.224786363765230855e-04
1.997448934717688913e-04
4.000828712432283416e-04
1.445532042899974178e-04
3.925111583360658398e-04
2.108125685187060166e-04
1.929154647815289024e-04
3.004724970500406993e-04
8.892690898152422793e-05
3.794575670441335271e-04
2.783303513596367251e-04
2.043550627978155902e-04
3.473975269361426091e-04
2.887341085325420748e-04
4.951745370036764703e-04
5.415412163883350774e-04
4.352384208370568353e-04
3.551366649600454510e-04
4.773289334843910307e-04
6.128705931848003842e-04
7.624624284253485752e-04
8.376164540252031875e-04
6.612950589632941032e-04
5.671193062734168275e-04
1.031069326233120722e-03
8.933317033709041932e-04
9.650816658493620954e-04
5.318288342859386507e-04
6.341158248877066259e-04
8.731715808646627443e-04
7.942589132241239776e-04
9.483730593524367786e-04
4.170563073270555274e-04
7.420643105718078159e-04
7.289341447345774969e-04
8.451074578320675029e-04
6.483058113535001806e-04
4.332689151199886840e-04
6.181204111123225677e-04
3.128610107755489629e-04
9.487759780233363718e-04
4.759922259310660165e-04
3.864840600166782403e-04
4.084080766366615591e-04
1.120644435453898322e-04
6.085162042666206802e-04
2.684906531335196252e-04
2.634724817087925387e-04
1.406933182467120808e-04
2.759076304355507006e-04
2.845709065753157887e-04
9.439480754123986928e-05
2.732730530291837840e-04
3.181935385572878848e-04
4.765084346906613675e-05
1.985106652496179474e-04
1.758020738574644372e-04
1.468377149222550805e-04
1.785263502278225780e-04
1.214611677334481108e-04
1.903326513656349386e-04
1.843260805160466939e-04
2.437041343756031974e-04
1.174938588235498958e-04
2.272831251640056508e-04
1.672171577193806821e-04
2.976392432174724623e-04
5.370247165147880265e-04
2.511806580054935616e-04
4.281408095309817766e-04
3.335689454783252587e-04
6.651613271857386225e-04
8.283136090931865958e-04
8.641515256665761998e-04
6.049162649509124941e-04
4.252206891813116538e-04
8.946275279762751654e-04
6.409307371147694547e-04
8.727194049564765453e-04
5.374541316016626536e-04
5.256402027796302882e-04
6.738093462499959458e-04
8.665676752505654772e-04
1.091656295966167900e-03
1.696238983951651037e-04
6.406617407241300879e-04
3.719109471484525857e-04
1.005627164935051551e-03
7.023991551144901898e-04
2.746419615478128910e-04
6.115275394089006314e-04
2.014382412567842357e-04
1.107724481051373033e-03
3.793206563943985182e-04
5.178194951321186653e-04
2.969294335568002457e-04
3.858624697779925480e-04
7.821520212093790222e-04
2.084175067036008377e-04
1.583170021287237607e-04
5.532546194738276749e-05
2.500423029496225439e-04
2.190215212511033586e-04
1.163624195178775714e-04
1.682035839891637919e-04
1.663405819989522967e-04
1.493701063744897709e-04
9.951682482298352837e-05
2.633368842740096212e-04
2.110052213212123098e-04
1.458156812689758428e-04
3.935700092815309350e-04
1.547858305654474487e-04
2.727536541414867280e-04
3.265794249746310253e-04
3.827627909845466659e-04
5.199718008100301988e-04
9.681673040172620508e-05
4.768163895988655624e-04
4.836994734295350278e-04
3.402575065578798490e-04
5.337192861412995556e-04
4.495549217630854686e-04
4.550370931274401540e-04
6.719860784904381750e-04
7.884420658677811569e-04
5.436337531447034670e-04
3.728462636319674131e-04
8.947211627782875000e-04
5.998011301760129395e-04
4.713509481795710374e-04
7.048658106637438643e-04
1.464792708929076926e-04
8.802083626030437818e-04
5.873625662395732605e-04
5.416938098803497333e-04
4.974503447296373896e-04
1.415084789872578849e-04
5.500225250538811781e-04
1.629748645700114507e-04
3.547515154269160922e-04
3.036672876950761274e-04
4.129041142380182584e-04
4.413770426279078354e-04
4.882632438068927627e-04
5.154922319594359157e-04
5.457928951576611256e-04
4.758952014622756235e-04
1.621109073051527527e-04
2.712546983258853602e-04
3.731686727632075587e-04
3.211187576390001595e-04
2.493907279984617482e-04
1.069407435905760247e-04
4.036460130439930411e-04
4.923981953720643493e-04
3.708484155204728582e-04
1.803015307835266489e-04
1.133529380087574813e-04
1.706490663992569817e-04
3.347708832853748227e-04
5.609435202894478634e-04
1.976889654474797285e-04
4.260718435428997365e-04
3.094314892391862039e-04
3.073962369890226808e-04
4.100084491752021415e-04
5.958902603582375349e-04
5.752237001661777809e-04
2.108582084601503658e-04
9.461391750766009242e-04
5.377879635235139786e-04
8.912756176515149696e-04
7.087192469303842503e-04
8.470534479626612781e-04
7.168406420641128696e-04
1.035766379078573250e-03
1.421142304768002306e-03
5.482095610277697281e-04
8.960736551914314342e-04
1.088765410666360945e-03
8.879154966274310995e-04
9.989348179743914955e-04
5.065067325506941416e-04
5.545290673968923233e-04
8.961199812664858355e-04
8.914692901129706330e-04
6.294820131107542373e-04
3.912855677444153422e-04
7.212874871587053377e-04
4.616191987403827387e-04
9.442805629203462198e-04
8.333210024384356696e-04
8.622162295333536544e-04
5.901769181562837316e-04
4.192243750724251004e-04
6.650356296261998286e-04
3.153156429515945654e-04
8.508329321829689873e-04
3.479060122176234914e-04
9.950586768150881858e-04
3.462832890093180149e-04
3.260461960979802224e-04
8.070368680279958523e-04
3.739654511608611945e-04
5.669026968509445572e-04
3.193997728160127315e-04
3.890886723016701173e-04
5.075297809005783036e-04
1.261159887657310426e-04
7.761841141441965571e-04
1.102548719896437671e-03
6.173719415611960033e-04
5.880213414922773676e-04
5.333002033086679762e-04
7.446145364164557384e-04
1.354285278135985808e-03
9.987419289113163949e-04
1.136517121438133070e-03
7.484477177455865554e-04
1.009415025197549828e-03
1.761027868111914247e-03
1.462993980197414877e-03
1.355837758273603340e-03
1.360438999488403338e-03
1.347756499437547609e-03
1.839637629829071579e-03
1.899754409155724735e-03
2.105390602578713442e-03
1.576850577194554388e-03
1.663301568899906843e-03
2.116174170273367201e-03
1.839513109209549259e-03
1.955470145690416713e-03
1.564381082366882517e-03
1.602003009528192969e-03
1.577095624144900189e-03
1.753062234734896127e-03
1.576086046720536057e-03
9.483876144693477710e-04
1.259982226912509601e-03
1.015095278615704222e-03
1.274096848988546735e-03
1.139462305269088160e-03
8.122410205819520545e-04
5.814809639059663254e-04
4.901077169818351649e-04
1.046268688625121273e-03
5.699412603372103637e-04
3.972279855498891455e-04
3.193328719801189950e-04
3.146104894908529053e-04
2.570191763316086978e-04
1.832438810009709136e-04
3.126374075901731421e-04
7.311536168191108546e-05
3.698864382036506546e-04
1.797185897404946549e-04
2.427986757695940799e-04
2.847387339687802678e-04
6.831773989289837952e-04
1.003875893632431935e-03
5.953576603717077552e-04
2.794783094333791441e-04
3.053425012447119201e-04
9.759686767721903900e-04
1.082376354552081399e-03
1.022290546586340342e-03
9.352270387277190119e-04
5.928089056933685081e-04
1.327093119705675603e-03
1.456856801734062682e-03
1.550955014202935398e-03
1.127846219028886664e-03
1.209867046424042015e-03
1.450771460252047200e-03
1.804566772553357944e-03
1.943899272795481100e-03
1.614591223091179067e-03
1.710335530410195043e-03
1.370788799828609765e-03
2.004496507238487032e-03
2.314413212235297453e-03
1.874650250194394340e-03
1.589082409206850604e-03
1.457975762070115588e-03
1.800549451038280539e-03
1.808563177131971645e-03
1.952549243437773233e-03
1.490236245005872612e-03
1.113363495397813726e-03
1.641284704385910292e-03
1.569966459366068951e-03
1.309975217728059872e-03
1.156341808143596930e-03
8.484814146260817288e-04
7.526066638350618551e-04
9.408268006753254869e-04
9.670709274103870884e-04
4.869947279691282083e-04
4.954215755584920463e-04
3.353641171160715571e-04
4.615541996004536031e-04
6.032767404558996406e-04
2.947449509739005335e-04
3.056805949901085745e-04
1.675855562486767199e-04
2.318785425010747481e-04
2.176226694913962112e-04
1.883245319328506805e-04
5.768539627338779710e-04
9.570515161541749520e-04
8.497214741658956801e-04
3.706325911212954923e-04
4.155679762821302124e-04
1.091913023466534183e-03
1.429052493359394237e-03
1.610614906357328395e-03
1.231034324597319717e-03
7.129372284174022561e-04
1.646349759129807052e-03
2.040217447299754513e-03
2.047031768965084687e-03
1.554386500656918749e-03
1.498019391441663762e-03
2.090880971460258413e-03
2.444305209673310747e-03
2.728523161513553459e-03
1.386268827342632516e-03
2.261060752632582625e-03
3.206237802450221525e-03
1.553998392301402095e-03
2.674717378902003589e-03
2.311051078434222823e-03
1.664445430020556563e-03
2.598326707882516688e-03
1.884336374372977407e-03
1.967882190538055177e-03
1.652737165591334524e-03
2.261097363188371411e-03
1.853907100593912881e-03
1.183316262897052664e-03
1.999564586648530217e-03
1.119658619708540281e-03
1.541011444067672291e-03
1.714872683037773141e-03
1.076102136473966247e-03
1.046560730345717262e-03
7.539940132067002917e-04
1.427572791359833348e-03
8.807548592713593380e-04
3.463367441899905413e-04
8.710445384396859215e-04
2.742010517734345108e-04
7.641911533614063673e-04
5.651736409099434753e-04
3.339801611287448384e-04
2.523823230263265503e-04
4.908210964431814665e-04
5.478150782445108044e-04
1.453037720368813767e-03
1.949792718787681607e-03
6.589924882174050431e-04
6.549590185295360752e-04
6.164035245781017283e-04
1.459514448616424038e-03
2.014235972623905531e-03
1.733202189206206351e-03
1.209765109428839270e-03
1.199105481297296294e-03
2.299266863224962761e-03
2.683743206924618218e-03
2.179100926304590111e-03
1.751970590730641533e-03
2.088768204211631074e-03
2.291715480439194663e-03
3.030074473124413567e-03
2.803391318653039848e-03
1.765369768324332031e-03
2.453854012143923558e-03
3.687261505576669342e-03
2.483929901542213884e-03
2.125704801124002601e-03
2.991986276185390394e-03
2.075668819091938937e-03
3.004070576292093217e-03
2.753130864811369118e-03
1.880615118207852121e-03
2.180549586597223428e-03
2.413634249097281435e-03
2.571598968949615881e-03
1.472531205036495825e-03
1.702221902558560948e-03
1.722462755012338365e-03
1.235974298544936963e-03
2.154024166872603886e-03
1.442465790244970352e-03
6.218166424226143161e-04
1.466352129620933104e-03
1.310277932726208868e-03
1.230669817982824694e-03
6.959818089186247140e-04
8.492167548490987773e-04
5.820375396541345144e-04
4.706146746672086600e-04
9.087500075184264722e-04
5.234039880147107115e-04
4.451725025595600202e-04
2.192215673710956017e-04
9.058930989673412209e-04
2.529343419347702699e-03
2.397768563657308102e-03
1.464546988511010407e-03
2.679072962724282029e-03
1.270233827712021054e-03
2.740714565269537339e-03
2.567221296966762552e-03
1.137092644130949454e-03
2.570301716423734235e-03
1.912042714622396713e-03
4.029255497824378758e-03
2.668938526494008586e-03
1.855984518695247320e-03
3.424618097034820216e-03
2.483341336183150349e-03
3.860801907632997482e-03
3.100825188843221638e-03
2.172736194566091735e-03
3.215277457632331227e-03
4.281626554348798817e-03
4.520031210957047713e-03
1.824150065173196777e-03
2.975543153089375142e-03
4.283588630947141387e-03
3.523705477788639621e-03
3.518841222088163814e-03
1.441955121089897847e-03
2.211520636396221550e-03
3.469128721564125866e-03
3.793105010269093910e-03
2.364260431888808543e-03
7.475498635227583117e-04
2.486760780385237086e-03
2.105270973554495498e-03
2.220334667182726190e-03
1.814549652852883669e-03
6.265255253236652741e-04
1.156079091054263916e-03
1.961369227241556434e-03
1.877331147125998545e-03
1.101714407682371968e-03
6.153513179649151236e-04
1.278509786980798609e-03
5.681986566458385171e-04
6.649400903879716706e-04
1.058302662056543600e-03
1.064995254750738087e-03
7.546747676283920491e-04
9.085505733190363904e-04
2.228286383505070477e-03
2.754847484407572152e-03
1.645065464867315023e-03
2.763117361033170637e-03
1.573772342198317617e-03
1.322698618222974088e-03
4.509507762263114013e-03
5.588513738096408676e-04
2.297639287463672415e-03
2.070718219295899186e-03
3.006241940304019318e-03
4.609174996358773001e-03
6.217276498249852497e-04
3.627689581453505917e-03
2.962930554489028815e-03
3.259236426983732650e-03
4.056976617969536118e-03
2.274983960654461315e-03
2.794594506433650295e-03
3.763306296383536319e-03
4.499955273868310769e-03
3.945348195220137362e-03
2.075009888657277160e-03
3.097247860469815647e-03
4.271049906930758644e-03
4.549209336237257026e-03
3.303804529759481103e-03
1.759619570644862770e-03
2.577287971858524800e-03
3.361303457711930370e-03
3.698422277626785097e-03
2.242650055988554617e-03
1.314597611980972223e-03
1.965799759416258889e-03
2.224196465263789634e-03
2.632984989796741202e-03
1.324803111311560712e-03
7.187937487000967260e-04
1.355005298647456646e-03
1.918403337634243212e-03
1.612508641705649032e-03
6.568612295627574869e-04
3.697795369441945492e-04
7.746986445207082765e-04
5.199841481988982765e-04
8.732006601396304340e-04
9.088281847069870981e-04
9.104827020608920619e-04
3.223068607062183882e-04
1.145961872977873178e-03
3.067079754227347143e-03
3.235759361837741137e-03
2.169078718197366227e-03
3.595617106644254796e-03
1.191981347816808501e-03
2.530141622221680070e-03
4.684329799371446737e-03
1.050201693309028416e-03
3.294279953021492669e-03
2.221421504489322612e-03
3.855070090199508824e-03
3.858827438563398708e-03
1.010594149851845851e-03
4.367030371426709745e-03
3.148013054480293393e-03
3.567743618807987013e-03
3.777840241449446131e-03
1.819422499380896020e-03
3.471497007525369254e-03
4.312316261509128654e-03
3.822970170523150042e-03
3.744153225869992479e-03
1.656037194092663777e-03
3.628673882773269209e-03
4.529444118926159377e-03
4.218468902785344268e-03
2.947734141227098190e-03
1.601513370882981600e-03
3.420914338754527193e-03
3.746980447410944680e-03
3.157944475349865575e-03
2.354645807616951008e-03
1.354596989609446484e-03
1.876728876273126793e-03
2.651734865410073673e-03
2.395164613023782318e-03
1.049840943901887876e-03
6.840633564339239879e-04
1.682745865614866058e-03
1.768530189279523624e-03
9.435942797416049539e-04
2.954645604257566936e-04
3.774436584224019251e-04
6.927259503048633846e-04
5.666563592283819758e-04
5.637973943571636740e-04
4.590281299136397385e-04
8.987807967262912345e-04
3.021760713417390230e-04
1.701280549022829696e-03
4.475932790848400830e-03
3.949710003539937814e-03
3.103754302582704787e-03
4.421519892881227778e-03
1.337487133011979737e-03
4.374669693795979301e-03
5.029245760375339845e-03
1.711574853673975254e-03
4.646142339142864640e-03
2.863457769779888511e-03
4.830666444398764268e-03
3.560577750488247602e-03
1.872795136600233744e-03
5.248989038143342563e-03
3.434519481102507252e-03
4.049530382872969410e-03
3.175270852687875605e-03
2.007979644695637601e-03
4.647746163250010207e-03
5.088785371498200441e-03
3.478821290684417505e-03
2.716963840649790855e-03
3.660236972711917829e-03
3.289557420126325467e-03
4.424519294639398838e-03
4.482671252587775920e-03
1.999725484944749228e-03
3.106386164822489034e-03
3.617346054494889520e-03
2.945392514915110786e-03
2.443338967635478014e-03
2.331396446877633324e-03
2.340794566760274337e-03
1.443841390541797647e-03
2.864682233639640092e-03
1.998875704745741583e-03
5.030482053763620474e-04
1.844280985207379445e-03
1.456776162728844410e-03
9.255944282748858939e-04
4.769255697407144101e-04
7.991601571187259469e-04
7.357741814508170653e-04
2.705167152948355662e-04
5.172298056870109403e-04
7.805002409426918487e-04
6.433269347954696012e-04
2.938788937982647512e-04
6.377636088383051424e-04
2.087075554616615522e-03
4.436720082213881436e-03
3.991425063586046852e-03
3.177287795240537477e-03
4.557416207616482931e-03
1.880750082028041087e-03
4.641872735713543051e-03
4.687149397224973230e-03
2.439833433758275150e-03
5.085697572505001006e-03
3.406245771006421053e-03
4.876837047184192503e-03
3.351993986885837967e-03
2.350497676684294972e-03
5.456412482863447905e-03
4.049013746219831331e-03
4.247473602272279665e-03
2.806962694559823803e-03
2.159250438051400420e-03
5.216145757851931540e-03
5.371880318923533300e-03
3.233403006688423398e-03
2.415714014914644835e-03
4.075178069528589096e-03
3.957376258371441725e-03
3.481898238929199106e-03
4.237060672454395077e-03
2.326670544007022456e-03
2.989868203897017018e-03
4.320496282585662394e-03
2.429296887917783629e-03
2.442826182797824125e-03
3.071407562850154895e-03
2.198952293795467666e-03
1.478034515849762677e-03
2.198771643215370261e-03
1.677414228184894926e-03
9.019494374776013254e-04
1.358629874442171754e-03
1.652096076111793117e-03
5.230188164928754662e-04
8.705963301321007581e-04
1.618953263782366842e-03
6.338457867676505547e-04
6.646050672078625092e-04
5.438504663768087190e-04
4.521282375903598670e-04
5.003851988493207992e-04
3.104998731804355593e-04
7.088409296406390694e-04
2.300218896038515228e-03
4.408824332007236363e-03
3.596671810645814434e-03
3.112232736800518099e-03
5.154856396055768238e-03
2.095565390211563336e-03
4.215138845954468153e-03
4.382891374602710700e-03
2.380974391633921584e-03
5.160459470746963165e-03
3.763279846935168715e-03
4.646863803342934050e-03
3.175567047628476917e-03
2.259694625521239866e-03
5.559007712509714781e-03
4.316531969305306346e-03
4.127406950826329260e-03
2.587303848354349876e-03
2.695957698774681475e-03
5.421598194622746433e-03
5.764995646956007185e-03
2.478646831400135517e-03
2.910933015070040365e-03
5.592138926952454868e-03
3.832604242358197619e-03
3.681876352208263582e-03
3.338736024120495666e-03
2.690909169265503099e-03
4.281328916512432831e-03
4.179763236572731425e-03
1.897083860905706678e-03
2.151392308090279652e-03
3.709645268358764594e-03
2.934374708680745607e-03
1.488060776456260432e-03
1.887801852678985294e-03
1.384561804277761659e-03
1.846769168412195489e-03
2.218582057244748197e-03
1.174187471453392532e-03
4.592343271818156991e-04
1.440536204553922485e-03
1.865989773591963247e-03
9.367760819145150514e-04
7.387807811761361180e-04
5.541374460176338610e-04
3.148391165117680871e-04
5.617226613900270149e-04
3.195755191342298011e-04
1.240525996867932737e-03
2.212566620095414265e-03
4.264256219982982474e-03
3.387309339013531897e-03
3.133340025278390575e-03
4.975880516577079957e-03
1.629615674863844985e-03
4.148536287422358027e-03
4.579913389880812223e-03
2.360265381918896094e-03
5.555381793771700140e-03
3.907351418814306900e-03
4.848128032457611411e-03
2.859915671183381643e-03
1.977745658824043434e-03
5.978460114611664454e-03
4.616111592062726102e-03
4.349105385399840325e-03
2.297534126366707844e-03
2.828195194293255024e-03
5.501011452399854652e-03
5.521958753966746229e-03
2.901682386415502940e-03
2.700318576050916766e-03
4.631317391882659382e-03
4.604747818097783274e-03
3.995547788888801841e-03
2.708795163575599199e-03
3.041881212805193791e-03
4.019486379217593157e-03
3.943115525488083244e-03
2.464770411682225444e-03
1.907031048759548703e-03
3.299963784975522025e-03
2.840904952156988669e-03
1.866535043422319672e-03
1.521473478725925838e-03
1.142344552711467738e-03
1.946534946956189442e-03
1.817066179736084516e-03
1.042494505624573173e-03
2.858704689182433450e-04
1.017694108112305110e-03
1.347878795142124506e-03
5.110540304928982893e-04
5.604932176651310520e-04
4.111208480319382993e-04
2.551346581266462389e-04
2.628837982857636611e-04
4.025136631563811678e-04
1.324296711140759107e-03
2.029023793822389791e-03
4.475685428004279667e-03
3.897309502844093030e-03
3.513874799974425409e-03
5.407820011332319446e-03
2.525621229032352141e-03
4.153813670258433080e-03
4.691865138537937123e-03
2.008010177961767027e-03
6.224207310307370775e-03
3.963489503831906478e-03
4.685138946238248496e-03
2.412746639108143912e-03
1.739575294455915312e-03
6.078609936221092414e-03
4.712880355643647365e-03
4.043078124971863016e-03
2.364731218562624287e-03
2.712046489028515674e-03
5.459764756483027892e-03
6.090145449046824831e-03
3.166438320119932450e-03
2.228879130392393947e-03
4.983590587067983184e-03
5.635699687239334107e-03
3.655364261810348930e-03
2.539861089828365261e-03
2.716023583741265963e-03
4.031524695964729295e-03
5.211412284992823947e-03
2.477937401749030245e-03
1.605197020583890325e-03
3.251600692058403529e-03
3.524029591749775620e-03
2.820499834254309914e-03
1.151744281047582244e-03
1.233943339368922436e-03
2.257869536638282444e-03
2.310890988988402363e-03
1.770197223393523561e-03
8.077866676555477176e-04
1.349648318636169483e-03
1.862692296905533573e-03
7.926617817128146564e-04
1.252121172813195097e-04
3.747027002768386103e-04
8.477864423969966442e-04
5.073202793894380320e-04
2.578000239812716990e-04
8.578123338096305507e-04
2.630249443912977426e-03
4.722490874591897363e-03
4.238648590680886390e-03
2.775993813084401927e-03
5.023181255548388700e-03
2.938799579261110184e-03
4.349825200952742166e-03
4.476366506143212264e-03
2.352469938511732566e-03
5.775474244489270902e-03
4.381310954311680265e-03
4.777862713571261882e-03
3.504724945020430693e-03
2.116003930798385398e-03
5.492141765036795929e-03
5.137563681273793828e-03
4.361593872717911373e-03
2.730083240827457271e-03
2.039410685341841618e-03
5.468980498131353028e-03
6.171856860834553683e-03
3.381653483564783357e-03
2.135086812906405399e-03
4.452567265263122388e-03
4.944233985133571208e-03
3.996460342652620110e-03
3.019270989267295365e-03
2.666372634768295839e-03
3.160350655368357378e-03
4.160297388408927717e-03
2.948013233960681320e-03
1.637003735394589564e-03
2.584131686784327253e-03
2.810536639005981139e-03
2.323185195137083322e-03
1.594704748335764406e-03
1.036434153050371128e-03
1.936282350477182106e-03
1.460293893917670666e-03
1.912464888944897514e-03
6.391822738247382408e-04
6.131599040608360154e-04
1.528506265900856460e-03
5.053194488243996883e-04
3.909441691532446368e-04
1.968990269764928438e-04
4.073091415521491927e-04
5.722100245074793505e-04
1.450765866666432215e-04
6.858475065186428465e-04
2.312387020451636428e-03
4.758418642757164703e-03
4.172502607551740496e-03
2.823234532179800648e-03
4.505410088750691315e-03
2.430785209474279913e-03
4.284317346674119259e-03
4.489250630454679099e-03
2.580010298974488164e-03
5.232981975838691367e-03
3.995561786224370235e-03
4.739048225729541007e-03
3.414161217159535772e-03
1.712498924568827763e-03
5.089197606279127761e-03
4.826316484633805942e-03
4.682315107121613924e-03
2.763143594767452759e-03
2.081567827234062380e-03
5.205001831140337008e-03
5.690331026224803440e-03
3.572593594355178131e-03
2.488852862961218274e-03
3.562892433883909065e-03
4.889249280236689782e-03
4.802512475915359305e-03
2.716326100064362856e-03
2.782765505801982307e-03
3.030412418971165176e-03
4.431712851559608396e-03
3.861479767879784190e-03
1.766016820237497958e-03
2.557505018505561514e-03
2.656759580609158698e-03
2.781967963441851679e-03
2.356483752191563304e-03
9.419012979668402001e-04
1.657316078158840335e-03
1.428846070499110782e-03
2.020835455592498962e-03
1.562934523242088744e-03
6.489899505975380662e-04
1.210169017665721188e-03
6.984494497709682658e-04
7.615489036832716807e-04
4.845803346503350299e-04
4.816946275287606305e-04
6.630365651956400585e-04
2.732996775135599168e-04
3.716050297598728468e-04
2.022077409850343496e-03
4.584022007698120016e-03
4.454881047729358605e-03
2.846056291043329214e-03
4.426527334027725163e-03
2.799458100210802658e-03
4.198579557058541682e-03
5.418570690725381563e-03
1.789707825612079327e-03
5.333726312848143664e-03
4.034217356673367588e-03
4.796277741583939054e-03
3.667705378760325891e-03
7.816885984137030311e-04
4.887523014330880620e-03
4.693245673727252341e-03
5.061203052900683196e-03
3.058581839241278789e-03
2.042765841737608640e-03
4.242980826713747301e-03
5.814741931437129689e-03
4.089431053537975411e-03
2.668489706682358048e-03
3.137596513891489133e-03
4.238791203038628878e-03
4.792851383583947474e-03
3.615776082801953027e-03
2.308351149073560940e-03
2.512346592108253424e-03
3.871624726116361208e-03
3.862089790266100796e-03
2.341873544859973070e-03
1.888940617606559621e-03
2.146812455686922336e-03
2.552586221706828161e-03
2.499041546209908923e-03
1.314248545357235565e-03
1.031820399654755603e-03
1.256080600699225084e-03
2.112545145003343061e-03
1.631089677091668386e-03
1.592884258864998642e-04
6.065854348665500849e-04
4.603937291082827224e-04
1.349387331660952026e-03
7.779356064523293250e-04
6.103917352886015484e-04
5.135512838409756831e-04
8.213262310009956111e-04
2.325809350809493296e-04
1.528457297837682678e-03
4.215768602519336453e-03
4.780054025640250934e-03
2.491302318613925100e-03
3.917847230975987811e-03
2.944786304369712178e-03
3.729354099385483613e-03
5.249581119638436003e-03
2.060970602568749747e-03
5.207639927880637794e-03
3.903407692819399737e-03
4.086740152740554743e-03
4.922548808020558997e-03
1.807531854615438771e-03
4.000775035511632514e-03
4.650761448083544011e-03
4.570514652238497934e-03
3.777097896501789565e-03
1.779264535418052361e-03
3.662126571640513494e-03
5.312987451442647072e-03
4.211193746071255350e-03
2.855099555417816605e-03
3.268363385302682812e-03
3.547979041465984442e-03
4.709892888605125491e-03
3.089739589265337247e-03
2.952029142844524081e-03
3.171876775233956579e-03
2.890666881466571678e-03
3.931519467786116773e-03
2.240348372751426592e-03
2.526265295763199283e-03
2.608089472404068188e-03
1.887883830070663819e-03
2.412282099707385111e-03
1.430134365521415225e-03
1.770835520485364344e-03
1.358936778223160217e-03
1.305375092443480716e-03
1.325557355648257583e-03
5.793781506340431840e-04
1.029355694284208060e-03
4.950102965449989980e-04
8.058060522337529702e-04
2.063465782604298482e-04
2.694817154990440905e-04
1.877556757593248340e-04
5.305728888228232725e-04
6.526442475669432582e-04
1.820804569669615819e-03
4.283231284004387039e-03
4.432198466658986667e-03
2.651307355240841400e-03
4.537951756179168031e-03
3.252410638257892568e-03
3.933085515802930976e-03
5.014375882676879240e-03
2.525302614254723577e-03
5.578304006170927559e-03
3.416403908519690183e-03
4.380644302465863497e-03
5.124059326206294868e-03
1.555850384860649324e-03
4.157184050932526825e-03
4.222643242757988941e-03
4.981984662847382082e-03
3.656298606633605862e-03
1.477373225430161875e-03
3.734664602484910872e-03
4.919869177189527265e-03
4.484916581800066707e-03
2.939057263604657327e-03
2.567561368638317677e-03
4.030400216298478215e-03
4.352734644598755046e-03
3.036636797971792919e-03
3.917431375144048503e-03
1.810742732755266354e-03
3.323245469589270525e-03
3.441191994371900053e-03
2.580357521596449329e-03
3.212969462156647568e-03
1.269865290287237403e-03
2.434707225308304496e-03
2.033191777337824049e-03
2.066291683979820312e-03
2.050905320567005669e-03
7.650612322319085478e-04
1.718130584333875995e-03
1.403397034850935527e-03
1.042412965688599121e-03
1.085034715175556492e-03
4.473932840630739840e-04
1.163084328314078824e-03
6.888087229464845331e-04
5.412993033971747565e-04
4.465035876327101824e-04
6.493261646117567173e-04
6.644147374007754224e-04
7.429931403063618585e-04
2.831993849343292409e-03
3.971152444776475561e-03
2.670481048606815344e-03
2.996346675781473307e-03
3.721198005868399297e-03
2.226046792346411327e-03
4.789777449550550702e-03
2.306484977877513044e-03
3.651764615512809176e-03
4.697404661872607579e-03
2.192680827655299133e-03
5.201815958290756901e-03
2.571659009389081971e-03
3.126971781922661259e-03
4.104439871020972019e-03
2.767143248607572149e-03
4.804985005407612191e-03
1.988237974218472291e-03
2.375748907612093563e-03
3.590473717398508496e-03
3.147273114727219823e-03
3.659079764352300614e-03
2.692059401409657368e-03
2.469704027494138560e-03
2.614264300794886219e-03
2.722895378412925477e-03
3.398166720247651658e-03
3.318299100377863822e-03
1.725978598174004661e-03
2.074153956353532845e-03
2.252684226758721198e-03
2.912663930714795828e-03
3.045180808729194919e-03
1.227280250041075382e-03
1.033869568135972706e-03
1.496971452540337387e-03
2.068571192823795944e-03
2.152443639273033359e-03
6.127484117598633838e-04
4.067029410413248308e-04
7.787708889893519941e-04
1.384716318106524223e-03
1.033614074193025612e-03
3.989303066211469066e-04
4.680103170879324625e-05
7.951729042300324530e-04
6.093633207296680031e-04
1.411631907345162109e-04
2.488360227702285203e-04
4.487113286839683013e-04
1.244735678329430021e-03
1.444300424301327504e-03
2.165180241303301615e-03
1.107446448986632590e-03
1.455881795226296937e-03
2.118603489263886502e-03
1.899145195311083582e-03
2.753156696988640073e-03
1.350925139141443375e-03
1.786606719133247787e-03
2.595654051996266424e-03
1.127854895775726781e-03
2.966840539349944149e-03
1.412266984429883009e-03
1.389828253436550245e-03
2.334690840906512767e-03
1.293919051886236989e-03
2.908276852236050831e-03
1.727361910020567106e-03
1.896676654521484021e-03
1.854442545360473994e-03
1.288039433249861922e-03
3.262671609046801681e-03
3.014928478635850624e-03
1.203932846894179140e-03
1.214511254219951229e-03
1.215033372777344495e-03
2.686668150194473307e-03
2.082436398963791267e-03
1.195386422257760980e-03
1.187601051214051814e-03
7.460866878443363649e-04
1.821980921141974283e-03
1.749637376521505881e-03
7.287866416883786872e-04
2.425327095787208423e-04
5.200568510956636407e-04
9.080718166664273954e-04
7.581958837062298569e-04
1.532380705868725411e-04
4.250877371939974065e-04
2.754040558094014604e-04
1.717593438921880076e-04
3.527338315107683198e-04
3.661118826757115666e-04
5.224502438208330308e-04
4.880203287458263848e-04
8.467966113044903464e-04
9.162174191913982678e-04
2.213458716833179094e-04
4.048263393446970937e-04
4.967595530241031201e-04
6.413750658620775557e-05
4.064090056993745030e-04
8.279038517245216992e-04
8.330920843894437959e-04
5.278771006920811391e-04
3.043921088847314268e-04
4.421279759075140382e-04
1.258147854971007444e-03
1.156788813361836607e-03
7.674233556376172704e-04
2.938909327113910794e-04
2.419724059464102963e-04
7.207923375566839324e-04
8.641061105685837046e-04
8.236366420763499736e-04
6.087347146594299313e-04
2.239838504494509337e-04
6.976947005380145384e-04
9.587302374918993874e-04
5.304507566266708409e-04
4.862121018033390058e-04
7.260142608273027678e-04
3.341969973288875899e-04
4.556540651916295994e-04
4.005413819540632934e-04
5.448026526665728517e-04
9.992759548853246635e-04
4.161186417040410221e-04
2.303805712491204080e-04
1.877255069392834072e-04
5.511086299745148517e-04
8.724624981821301611e-04
4.728135331977435948e-04
1.005145624357022395e-04
3.424124528712066276e-04
5.594075835468311289e-04
7.877045895345438685e-04
3.773232285884801137e-04
9.772195365567960736e-05
4.701932005301832137e-04
4.371258552732216161e-04
8.386580370739669900e-04
2.090383387867306435e-04
5.624798360783290260e-04
6.081763504599948860e-04
4.856242742660969052e-04
8.360839961849192209e-04
2.006235276662767279e-04
8.850362815766098625e-04
7.710067214460412238e-04
8.514943628038306551e-04
8.843622003319702787e-04
7.619829016018812851e-04
1.047245726786882663e-03
6.453611504503802389e-04
1.116655787645873471e-03
7.356973754205076155e-04
6.515572840614152145e-04
1.128553164990130737e-03
9.282731124135545605e-04
1.102135848977576571e-03
8.256448487581345740e-04
8.376440034714260734e-04
1.070327709063576774e-03
8.649912901439910399e-04
9.855074729919620531e-04
8.056835312501421480e-04
7.475182587298656242e-04
8.495787458474427564e-04
4.661503905916112743e-04
7.655498263422061671e-04
9.672818233179797213e-04
6.864390146432623567e-04
5.880704424051706562e-04
4.518680180995246097e-04
6.471654593711167764e-04
8.282696359179653883e-04
6.813748133649279257e-04
7.053678271070821897e-04
2.988525005299642141e-04
7.709279197623463906e-04
9.424125668468010539e-04
5.088301933335899604e-04
3.755984800714557781e-04
3.073561226641086368e-04
7.402879471177112531e-04
1.099968160740402105e-03
4.064628843690360773e-04
3.671382950392700680e-04
4.872904149518742715e-04
7.169424008501467304e-04
1.029462362138894695e-03
2.866192831711714627e-04
9.199231961103566946e-04
8.101945818843724750e-04
5.165667588075121457e-04
1.033209663029493932e-03
6.386866584039521981e-04
9.456775638530923829e-04
7.995703817528639025e-04
6.725111817454017000e-04
1.166625949230724749e-03
7.183187947495393074e-04
1.005116037873024504e-03
1.001471933091811588e-03
8.647773462977165811e-04
8.218059661873511508e-04
7.589721770781801460e-04
1.284662769530031060e-03
1.118707253357485417e-03
8.328138400873416614e-04
6.556447008146576482e-04
6.462943898834807004e-04
1.129115977562558442e-03
1.023081841287175895e-03
7.190591935445284685e-04
5.402816897015611484e-04
7.056503017527569451e-04
7.844781017992131763e-04
6.046012808169889865e-04
5.951797863491736437e-04
7.808221623691806272e-04
6.044845772435866651e-04
5.807714260224128766e-04
3.948068423462363697e-04
5.424409629181725428e-04
6.987140141582022989e-04
4.845158177759430781e-04
5.993529267218842800e-04
3.811028728938989515e-04
7.252174008233369835e-04
6.187347100598568480e-04
5.124986914783428039e-04
7.648256671296681415e-04
4.312891546634630910e-04
7.023201804849578010e-04
7.172555454663920825e-04
7.579129385808335137e-04
4.613349737695548840e-04
6.023116883629371946e-04
9.813511843974245114e-04
7.789135936719671647e-04
4.359803510121997038e-04
7.358642321193054666e-04
9.995573810918330967e-04
5.766843905219712569e-04
8.180413093961818888e-04
9.385859633170241583e-04
7.595046502460922524e-04
9.136166693969860995e-04
7.700680805643991735e-04
1.003839682048691256e-03
7.671377113388791686e-04
5.927540853127902763e-04
8.958876915657454755e-04
5.827557520537379829e-04
7.789839782100956272e-04
7.306470204598861313e-04
6.612639007014869605e-04
8.896615534888873507e-04
8.476615299474800922e-04
6.477704224037674407e-04
5.990860792082468170e-04
9.048006326070097286e-04
8.595448817175335753e-04
5.838256273068700248e-04
4.391439302339318965e-04
8.158811104715277219e-04
6.340616960766855487e-04
5.135991212882371577e-04
6.672227845534362987e-04
4.639557407100324254e-04
4.502468427464202953e-04
4.030731334552514018e-04
5.283580461956916257e-04
6.144013258008979668e-04
4.534857793489678471e-04
4.150878759668860684e-04
3.090735214426817718e-04
4.547562834701618481e-04
7.473945676537134975e-04
4.583889682246276463e-04
3.296774545445658403e-04
5.603972802888917276e-04
3.254863435378259470e-04
5.473064763672541360e-04
4.712258682740128849e-04
5.240590174203597559e-04
5.732425265180496029e-04
4.221773968446886007e-04
8.190347076881412209e-04
7.931791847489665353e-04
5.295507371876397593e-04
5.787851497437926243e-04
6.228757795673028029e-04
4.326577628529934766e-04
6.533019428061451238e-04
6.236990174614421428e-04
4.399355832893661567e-04
5.812953117853800764e-04
2.939930159655258736e-04
6.167753385134816394e-04
5.653249721183525823e-04
3.375063194113595076e-04
6.747425721775489240e-04
3.113885686585664780e-04
3.961045577470301889e-04
3.368682747348305216e-04
1.246663911970604787e-04
2.063763214410675338e-04
1.311375117337371468e-04
4.105296892632612931e-04
1.081859083787656349e-04
4.021782026862660430e-04
4.990062934475563740e-04
2.428992452233929493e-04
3.207901117047175211e-04
4.171228628052980414e-04
5.499206401134269654e-04
5.331677540626871556e-04
2.809376173687324002e-04
3.019366476417747265e-04
5.304141781028661080e-04
7.898000280535660963e-04
4.435095527680582399e-04
3.283122814379051363e-04
2.926448590693360658e-04
4.798823597533500998e-04
7.483477126890149093e-04
3.833206032497561201e-04
7.012958620209572193e-04
5.977662912775104755e-04
4.364522420434505372e-04
6.289684214060382514e-04
6.106819244824603825e-04
8.335525490619519282e-04
8.179134033391019997e-04
5.914215347404471954e-04
2.502863272563290325e-04
4.744117097157551271e-04
7.239705331937271214e-04
6.480239913588704955e-04
5.570896094265779738e-04
7.175957331268424536e-04
2.844703604065247117e-04
5.406007872991476634e-04
5.185411286682029041e-04
7.024079436710902163e-04
1.246678374948310226e-03
7.000748507327580767e-04
5.183270894024197793e-04
8.424433710540101200e-04
4.906589578520368809e-04
7.737929384600518911e-04
3.886974244437284504e-04
2.974285485357655015e-04
9.328268157818902714e-04
4.636676730366039514e-04
4.077038523532299169e-04
4.971090786868411415e-04
6.420131808427578498e-04
6.796429107499456701e-04
6.345955359328235698e-04
8.182087016369909765e-04
9.262705611684830809e-04
4.331488097791908127e-04
1.947244481373261720e-04
4.106308801475257067e-04
1.983609709322842977e-04
5.922786406394113220e-04
6.551789888649050750e-04
1.071810475039726169e-03
9.823443530286150339e-04
5.526044203931661843e-04
8.933785670677985447e-04
1.126744858342146327e-03
1.421133909144236662e-03
1.420374723636900040e-03
8.753065320691822901e-04
1.150897202994242627e-03
1.336465692626802705e-03
1.433004885134194547e-03
1.298925920116303714e-03
1.296242567306481273e-03
1.607025922379357562e-03
1.668933232037696831e-03
1.069401059521797419e-03
9.897898457410423366e-04
1.488644264364553157e-03
1.589240814508926462e-03
1.582748989563257866e-03
9.994419468303125057e-04
7.957139393792999086e-04
1.023978068052912305e-03
1.043387629273433712e-03
1.210555066789332839e-03
1.103725096866519859e-03
8.689433231528413508e-04
6.312511625785427417e-04
5.021630000473334713e-04
6.379393282169745598e-04
9.294703129615123401e-04
1.054380204745625346e-03
7.421005513603283650e-04
3.546611205570297299e-04
2.489263755359425747e-04
4.283434951233143387e-04
3.518217904220294150e-04
5.221818927773544654e-04
6.403289980828190961e-04
4.663005754149466523e-04
5.342511709504482601e-04
5.036886874943905922e-04
4.704741895747498550e-04
6.750502544585896799e-04
9.257568419875220403e-04
1.095673986072367555e-03
8.695887110805381164e-04
3.907161607178995916e-04
1.044425670995877435e-03
1.560006662576895976e-03
2.009810277278510811e-03
1.876674830212643474e-03
1.117157294735405919e-03
1.470883042768087769e-03
1.314801322941913219e-03
2.225779473522847014e-03
2.401311570567991015e-03
2.309867832921553947e-03
2.273475838849816494e-03
1.742093491352215973e-03
2.296621538485734294e-03
2.425844635108047667e-03
2.981897088442816285e-03
2.748766644225268327e-03
2.263979679065205274e-03
2.453885095483663344e-03
2.827065542191854915e-03
3.374051174165946729e-03
2.333057291135936465e-03
2.008547476329059379e-03
2.400429326485235479e-03
2.508859072147658943e-03
2.963711203580846141e-03
1.936532667864782065e-03
1.694540165833896550e-03
1.822619714663987860e-03
1.687125311201157331e-03
1.923845160409212805e-03
1.570965043397399945e-03
1.593471133185149708e-03
1.209738398772702058e-03
1.044781802051320376e-03
9.917105231855532881e-04
1.112756223709509369e-03
1.207389756872815191e-03
7.534962777353760221e-04
5.694314549008412966e-04
3.227071996596023672e-04
3.615559894421526712e-04
6.605683690190899656e-04
4.411265218458978923e-04
8.479774741143385848e-04
1.659433282847417018e-03
2.639036374047251925e-03
3.734385001231033292e-03
3.264683344550057750e-03
1.293910127908233813e-03
1.654797628412597301e-03
2.489876690818492930e-03
4.983543976776800069e-03
4.528275572086138887e-03
1.535485334747663895e-03
3.078014710766452649e-03
1.418678418309032418e-03
3.282225726894163944e-03
3.746659771786889012e-03
3.898322060605133397e-03
5.428177526920268010e-03
2.639421103269638368e-03
1.947793435682899444e-03
3.147385171558046355e-03
3.880346673783674916e-03
4.716792440923016881e-03
3.733951816796618733e-03
3.007424447627015177e-03
2.366423738829875195e-03
2.882670508226367612e-03
3.855088665418406578e-03
4.164983621404794514e-03
3.466625386143317930e-03
2.953422916213758326e-03
1.533660335734859459e-03
2.482151457068429695e-03
2.862090967745926657e-03
2.686170077175302918e-03
3.112566055877902336e-03
2.309068001435213985e-03
1.430378205199999515e-03
1.028649291480772431e-03
1.256180925377470368e-03
1.914928283516479160e-03
1.978327318260711398e-03
1.879143160670229511e-03
1.201349941210215879e-03
1.021853458457300636e-03
5.568982557863771119e-04
8.583463818179407198e-04
1.066152709500645850e-03
1.742966587959605138e-03
2.246817617884563738e-03
2.578731442257750726e-03
2.740061578905609880e-03
4.471336667804950461e-03
5.699402253878669070e-03
3.458953177043366366e-03
1.593630294942676578e-03
2.430758727671610778e-03
3.894930357959424261e-03
8.094738272069700730e-03
4.824021979314244667e-03
3.118739276126008056e-03
4.996881756183333724e-03
1.991888387015274681e-03
4.160298783277422731e-03
3.933508844604929021e-03
6.403284952022299074e-03
6.865344252642155247e-03
3.886668807336007749e-03
2.909069150758975420e-03
3.125886375311201417e-03
4.549549937487648230e-03
4.441114733469672497e-03
5.606626817689499415e-03
4.738010719048984382e-03
4.099587977140848293e-03
2.928158533938022851e-03
2.007201964567587819e-03
4.320832793647023246e-03
4.102976329569412058e-03
4.289686736446650210e-03
3.298536141919419275e-03
2.413598172997723657e-03
1.876065606171225088e-03
1.408533746396531177e-03
2.362793495674374560e-03
3.234656683491092533e-03
3.340250334445051417e-03
2.675982712282254806e-03
2.105380674728068134e-03
1.602352984386257000e-03
1.580169510170117281e-03
1.539233661006697822e-03
1.808184601234644326e-03
2.931106936337281310e-03
3.022296931125209758e-03
2.731082475902213598e-03
1.984208993914440659e-03
1.618130595933030096e-03
2.348917974408001614e-03
2.889279771999792024e-03
4.099599770332085225e-03
5.845537907632262359e-03
8.078190283758127088e-03
5.858803841214810584e-03
1.640361672566624475e-03
2.519070969955780614e-03
2.567314827180924245e-03
7.737400464228902895e-03
6.308631590597625800e-03
5.041111986962445828e-03
8.564948827767942044e-03
4.710277257710744798e-03
3.519083230671237860e-03
3.078004030905153073e-03
5.496836781348475240e-03
7.848206418677032212e-03
6.311279554117686132e-03
6.049633863108832242e-03
4.615866752643307640e-03
4.823723250748141247e-03
3.261471484288319244e-03
4.168791163466291534e-03
5.199047572355175451e-03
6.363145183741628422e-03
6.375399130747885085e-03
3.470673022251190547e-03
3.142231182380032187e-03
3.250946729135311807e-03
3.806856688544024703e-03
4.078286044290536927e-03
3.745027958594888094e-03
4.010064028410117824e-03
3.036576443414644878e-03
2.116958668001646567e-03
2.001343753151770596e-03
2.943373381984085418e-03
2.763753893193773153e-03
2.954555020216645400e-03
2.663531304981383695e-03
2.808753220571979722e-03
2.808161551164189366e-03
1.839972353202410510e-03
2.418630160155012688e-03
2.650380443510289181e-03
3.153993652824769837e-03
3.422473385159232294e-03
2.859796206314578221e-03
3.140113437177618691e-03
3.150199925956628441e-03
3.613768574931152874e-03
5.245668817059608545e-03
8.369127969578738988e-03
8.310548507898777790e-03
4.549276749598238183e-03
3.957841099797573987e-03
3.443653410784720988e-03
5.627135765095078561e-03
7.489631620751199641e-03
5.813740014580570659e-03
8.888421265713713701e-03
8.400568367821954069e-03
6.098583237783153713e-03
4.524258024891824465e-03
4.379561223132279711e-03
6.707996340937284405e-03
6.701988266753932180e-03
6.790475699196872085e-03
6.693985601598497100e-03
7.094735700198471703e-03
5.502195649915534240e-03
4.102731760336673916e-03
4.479843025504957367e-03
4.279825193634511325e-03
5.984436960406513094e-03
4.176516356506749378e-03
4.627993386658867635e-03
5.260116379619418810e-03
3.377434065551316450e-03
3.348411971799103350e-03
2.591911521708758354e-03
2.480889102943446747e-03
3.281042400063286391e-03
2.362634761684045872e-03
2.938001244186913725e-03
3.963320678531800402e-03
3.429676977813646450e-03
2.876193990867421078e-03
2.533158134155776963e-03
2.052348007562699445e-03
3.195156650760213723e-03
2.756310791962098862e-03
2.990174769751142124e-03
4.045736503326708734e-03
4.111177869297853900e-03
3.858604635467610244e-03
3.542530558414239226e-03
3.142566026113013077e-03
3.521978112604071294e-03
3.807864844050575306e-03
5.018222219890990099e-03
7.973764457526802407e-03
9.909929364616950828e-03
6.698645265627004367e-03
5.275355770015432294e-03
4.842423649775801954e-03
4.128190942877708533e-03
6.719241669660282017e-03
5.581949233606921246e-03
8.301812482173738864e-03
1.000000000000000021e-02
8.092786802336193394e-03
7.019565212530175929e-03
5.144261677729606609e-03
5.704917388310967036e-03
5.516261583488366732e-03
5.473580826477932558e-03
6.945964145253744580e-03
7.655679803247161797e-03
7.260100151388076788e-03
5.988526050358792749e-03
5.247835500297622947e-03
3.716921031969708331e-03
3.750345251026189399e-03
2.814353473950312497e-03
4.182150912696082704e-03
5.698434200808303630e-03
5.007215169162089474e-03
4.870948297636445816e-03
4.263830089175751556e-03
3.071745371894694585e-03
2.662384716611349532e-03
1.534074020802010142e-03
1.498645884321270346e-03
3.773039688082871230e-03
4.285647580109900288e-03
4.370743595528791929e-03
4.421033186438961919e-03
3.829264411331819058e-03
3.271418357232689072e-03
2.512307689129752910e-03
1.694894856030523334e-03
3.472679937066161428e-03
4.225177733247383050e-03
4.672094625753821923e-03
4.712219742315002999e-03
4.474792077325027463e-03
4.355978077727080781e-03
3.505267077733053779e-03
3.418901172786393498e-03
5.948805754398787081e-03
8.711671075432301722e-03
8.353194814895931533e-03
6.331606427383866184e-03
6.811584719832698524e-03
5.591094519858136151e-03
5.713816956499184578e-03
5.440026809456506747e-03
5.779159018309066795e-03
8.374967228637564265e-03
8.227465263924498354e-03
7.848850250131027967e-03
6.831520714477509054e-03
6.875600370421550145e-03
6.552056498510447878e-03
4.645618991977450499e-03
4.981048055244196443e-03
5.870142714121031474e-03
6.223629589325460447e-03
6.069685075922965842e-03
6.073059851479410860e-03
5.998879717417894553e-03
5.448450673869072169e-03
3.472305036711373274e-03
2.504085900890489890e-03
3.269592863322227060e-03
3.506080900754374695e-03
4.129764000911603436e-03
4.147834999176649821e-03
4.672598266985933391e-03
4.601846641098576718e-03
3.564469108050579566e-03
2.050450920581484409e-03
1.401407873946994547e-03
2.344425045207967819e-03
2.768904984142532208e-03
3.634558150459385375e-03
4.532980877706484571e-03
4.684350322861160001e-03
4.318627132277504284e-03
3.176319698907587117e-03
2.715524092998053678e-03
2.867253492295256806e-03
3.261305872921391354e-03
4.008482278990765230e-03
4.661521637000228674e-03
5.019600651639686585e-03
4.564759390443277366e-03
4.101665788454796242e-03
4.840559078758476658e-03
7.200402044889427956e-03
8.151301381991514494e-03
6.073411617589999888e-03
6.461598565024063816e-03
6.612249921600520455e-03
5.307329602711870382e-03
5.486193708367916727e-03
5.425705267111854621e-03
7.102936698407386409e-03
7.902782620674723979e-03
7.556499379138714723e-03
6.971759491760243753e-03
6.788281785565401100e-03
6.950334149839214673e-03
4.962333480051294050e-03
4.564026131759447644e-03
5.328491344347613227e-03
5.375790949986564322e-03
5.858943909940256094e-03
5.098501511411781921e-03
5.089104176402192009e-03
5.580889679209296780e-03
3.946960797950089042e-03
3.211762690878583026e-03
3.257593478166655176e-03
2.716018530848342011e-03
3.352279662675140999e-03
3.307467811960572261e-03
3.947727813715233049e-03
4.522145162193027222e-03
4.230656688085481128e-03
3.319089143283870339e-03
2.151768656868936064e-03
2.288300004428890904e-03
2.353404287359094765e-03
2.808927402985922969e-03
3.618574708253551996e-03
4.151899951242283421e-03
4.792620494077560155e-03
4.080692362433275579e-03
3.128671061067862542e-03
3.063687094341686207e-03
2.996516371380184701e-03
3.012290212672124202e-03
3.646984441205986492e-03
4.296460180722487532e-03
4.632381140886093242e-03
4.567220840412069237e-03
4.413332829882815958e-03
6.190005451308559260e-03
7.999376158662934236e-03
6.755568548138816444e-03
6.172547131864881444e-03
7.028786439783542457e-03
6.001370949622650275e-03
5.479642984719790798e-03
5.359751905895561962e-03
5.995530268536483631e-03
7.328402858091237308e-03
7.636366319165429663e-03
7.352758111126722444e-03
7.305139452688314342e-03
7.666192642395564319e-03
5.913929976301821566e-03
4.770525527360369202e-03
5.068606012543924906e-03
4.723145134024595883e-03
5.069086595516675460e-03
4.821876897375156068e-03
4.957852492408630803e-03
5.825015463901205004e-03
4.781529895521294780e-03
3.818822534530799326e-03
3.465077865267082811e-03
2.683178487986199665e-03
2.277359099929616298e-03
2.000457970644374528e-03
2.458079753343073853e-03
3.209129469485829788e-03
3.547780370367793670e-03
3.440087048459800068e-03
2.589756529240906224e-03
2.764697365645145226e-03
2.532135817547581744e-03
2.367657864271370191e-03
2.485575784575936188e-03
2.605943767354447667e-03
3.703158195950536843e-03
3.870489151193418857e-03
3.591131731104195424e-03
3.849887255510796302e-03
3.883527063557483828e-03
3.660457874212059721e-03
3.577234906157831813e-03
3.918044414088280893e-03
4.329600691605609009e-03
4.349233763052736540e-03
4.313877445929531831e-03
5.395466486553759759e-03
7.336312331281477292e-03
7.651913186870291581e-03
6.531743002927567487e-03
7.262915458006590115e-03
7.128740497279161155e-03
5.944004542569474719e-03
5.685083281999798142e-03
5.300385293660907562e-03
6.029102805093040571e-03
6.592159559278570717e-03
6.656684027513114568e-03
7.107170516369043338e-03
7.769653190146481522e-03
7.181548627903817754e-03
5.518247623474435704e-03
5.565964120848901700e-03
4.830212026938454466e-03
4.194476115542341253e-03
3.819692206759762055e-03
3.854093653653585961e-03
4.927146242894597100e-03
4.665235396776440911e-03
4.361439738747307192e-03
4.276769076742133191e-03
3.928852161190930434e-03
3.581000562626015637e-03
2.755595659629497297e-03
2.351065474922718612e-03
2.407201335702050232e-03
2.591579867023279232e-03
2.604747993252266598e-03
2.262553854364447725e-03
2.842155464562648622e-03
3.296675634785782311e-03
3.364954203107262641e-03
3.276518130673864489e-03
2.955801031819338918e-03
3.347044939112025965e-03
3.407779285628457187e-03
3.150349962162124050e-03
3.091500138880922885e-03
3.311087401955032511e-03
3.525611640879169287e-03
3.342665160510658890e-03
3.755420119190081181e-03
4.418106284049720146e-03
4.618131800876624712e-03
4.507531595214342608e-03
4.602012703559711301e-03
5.729255919514340475e-03
7.095059421847120518e-03
6.488756491485040204e-03
6.331916108906546908e-03
7.301890506033780100e-03
6.556523044182561988e-03
6.342978284836161586e-03
6.316203774898435618e-03
5.945142649064438962e-03
6.363302787854225803e-03
6.363248147401611050e-03
6.245748495505729948e-03
6.804944594601356270e-03
7.068845431797692036e-03
6.124902918756482129e-03
5.684087800277273263e-03
5.726360951859992519e-03
4.935278597324422103e-03
4.140540841202630835e-03
3.624982900199232982e-03
3.939225635517946619e-03
3.987861996116329709e-03
3.348796926407205960e-03
3.683925354645912250e-03
4.102690701065184187e-03
3.622956715379255493e-03
3.285899251615254351e-03
2.990859469131882439e-03
2.640280801245461530e-03
2.718866881094496746e-03
2.630293676461361013e-03
2.053192579626679677e-03
1.994010424572568996e-03
2.447443838360939799e-03
2.812418561762940541e-03
2.945684623643953816e-03
3.103936844531644118e-03
3.606733478456603751e-03
3.842338115831481823e-03
3.806794241066092932e-03
3.483911111145609335e-03
3.307644725539939535e-03
3.441097071018253076e-03
3.142094323655265139e-03
3.175968892183395238e-03
3.591033350629783873e-03
4.195377908254842129e-03
4.613955139928314041e-03
4.713474016674859893e-03
5.468218293672800871e-03
6.880669622821779241e-03
6.997321878063134278e-03
6.156020215907488831e-03
6.643203281783616708e-03
6.372119578858625837e-03
5.599609095179595292e-03
5.926560712862532013e-03
5.713278219788254023e-03
5.992296679997505607e-03
6.369060732381152425e-03
6.165183383955179577e-03
6.260536359740035209e-03
6.783331326294077777e-03
6.425457218336115550e-03
5.829167826955651208e-03
5.854762257584099350e-03
5.296372485011278247e-03
4.342899943904160454e-03
3.889186046532494643e-03
3.633510549009209140e-03
3.786266888951937606e-03
3.746161334946516291e-03
3.457864241507980878e-03
3.843311506141568624e-03
3.976744616217429452e-03
3.401000010076089645e-03
3.181594207923871959e-03
3.103929732834319766e-03
2.813910475476100095e-03
2.697852673699518630e-03
2.377752615547574187e-03
1.927605030522896263e-03
2.160882865573665514e-03
2.602885265751129096e-03
2.684883444157162759e-03
2.650730797111117577e-03
3.177491950706806852e-03
3.625212604154057130e-03
3.686435055388016715e-03
3.468534065282909400e-03
3.267522485547812161e-03
3.457559060978850247e-03
3.067285734845403601e-03
2.783638307506112759e-03
3.074112396458540848e-03
3.516241243959441001e-03
3.880567864822112058e-03
4.062999938366795155e-03
4.710281653907911516e-03
5.894805952078458096e-03
6.847093853495807292e-03
6.306155602715364517e-03
6.250710501307380623e-03
6.788906834557251364e-03
5.924205392424636285e-03
5.621174773041664151e-03
5.735897524878247854e-03
5.504750038785611102e-03
5.750493490300321794e-03
5.743513153853474669e-03
5.788941654437637467e-03
6.144579584028168548e-03
6.238983800167851278e-03
5.772488864677075698e-03
5.651971076595754470e-03
5.473261784719697307e-03
4.544874264661350957e-03
3.758579084317033130e-03
3.425488284980123671e-03
3.227795666872536242e-03
3.024825668619780718e-03
2.856903498526533469e-03
3.340515318583904981e-03
3.659536967810358889e-03
3.374810574121237753e-03
3.231494891121527383e-03
3.329751611857354431e-03
3.104577798884973656e-03
2.769406773446573145e-03
2.472350095401110517e-03
1.938792074517383963e-03
1.801684377915666003e-03
1.977964704292860601e-03
2.017360650071511538e-03
2.302868822615493968e-03
2.560159636514370944e-03
3.144675085799143385e-03
3.504419572285571299e-03
3.532866365552929898e-03
3.516290746791341914e-03
3.505478887457350035e-03
3.378246596044231012e-03
2.855717274887498852e-03
2.415907332988282037e-03
2.814631983334064513e-03
3.295494690648329700e-03
3.396181892409709351e-03
3.984236105824012254e-03
4.943152111051667130e-03
6.024660471294949506e-03
6.315619488416165765e-03
5.778212199054623931e-03
6.278790826543300188e-03
6.041962548296573622e-03
5.244574063783187176e-03
5.203770875412838497e-03
4.889096449501690970e-03
5.044612927135312501e-03
5.187106298030062790e-03
5.331335553606742460e-03
5.611595718761114467e-03
5.713892708485860186e-03
5.637653842138179786e-03
5.220953335728615446e-03
5.249712040422014822e-03
4.759107917120813588e-03
3.879481966283575452e-03
3.474745463739127831e-03
3.212674643590948328e-03
2.648494441236280521e-03
2.325276225929389165e-03
2.634244333357977502e-03
3.020995149897847884e-03
3.170473204298613224e-03
3.222305113169137650e-03
3.283737885033936876e-03
3.284171745876421616e-03
3.020254788789307736e-03
2.601900110565036599e-03
2.214896592301726815e-03
1.925616046478371719e-03
1.629136616529838896e-03
1.609299493900507964e-03
1.671913593617604422e-03
1.842380390610130194e-03
2.382794715188692701e-03
2.747231445089208263e-03
3.033032707786907384e-03
3.341575357454214072e-03
3.247065583146898759e-03
3.275043760071262491e-03
2.987303119697113513e-03
2.434054391930394554e-03
2.486860719338601297e-03
2.625026767416029517e-03
2.634383262143939492e-03
2.689967992298921123e-03
3.474253779208438721e-03
4.683984612949471972e-03
5.517392713322586198e-03
5.736275196050615727e-03
5.829359634385169499e-03
6.109716596082070267e-03
5.641792468873584564e-03
5.132717004303954077e-03
4.732148113965999221e-03
4.334569525579081047e-03
4.225805631228929382e-03
4.436308333099191377e-03
4.768937622167839820e-03
4.937428827038354250e-03
5.132429689046432743e-03
4.974177446002751857e-03
4.977591898206063306e-03
4.869783503212741366e-03
4.138850373876575006e-03
3.696247194310459810e-03
3.238130199825297022e-03
2.739137461432157236e-03
2.003820127137994050e-03
1.980195902468367096e-03
2.664149264150387966e-03
2.894854636769402922e-03
2.941747851658323490e-03
3.169740154415385744e-03
3.222019399018903867e-03
2.924042508682702258e-03
2.558355478378549017e-03
2.200051390908479808e-03
1.901965733156562406e-03
1.634690388546710922e-03
1.346347501269906134e-03
1.182455860147347670e-03
1.156229286526087082e-03
1.404972117470495779e-03
1.722857705935392338e-03
2.154645031229389471e-03
2.584690298030027471e-03
2.792663743429730453e-03
2.961666985925712984e-03
2.948285900730035405e-03
2.737844244046605102e-03
2.690457748288434953e-03
2.585357067901909289e-03
2.468548174109600098e-03
2.335500376849971704e-03
2.538252635293713425e-03
3.195555445775765356e-03
4.075720601739788763e-03
4.828022983793932126e-03
5.103194370150851943e-03
5.500241858076201570e-03
5.472202929721729954e-03
5.034051017579521496e-03
4.863632703595128885e-03
4.376590347279610098e-03
3.874393121071802171e-03
3.662990563114312207e-03
3.890410214775089168e-03
3.963345950950178040e-03
4.019877807670155408e-03
4.185516997870028164e-03
4.201378672074771239e-03
4.315578108469242738e-03
3.965312935734964690e-03
3.548741669254353980e-03
3.272402679188211091e-03
2.716781648087703872e-03
1.999499380613961423e-03
1.456051516753105674e-03
1.642824654046969989e-03
2.037381886384945912e-03
2.241674025262876783e-03
2.496316391599977431e-03
2.715648825525496246e-03
2.584681981003446576e-03
2.288190892054794891e-03
2.128175161041872925e-03
2.014042566297944044e-03
1.778103119694679577e-03
1.442726118338679645e-03
1.322985688712341760e-03
1.221361769660238772e-03
1.148964620171884048e-03
1.326683665983409638e-03
1.325671150645905743e-03
1.688006324759558580e-03
2.061415151916803825e-03
2.202148798752606718e-03
2.449489953244022786e-03
2.448169265390958815e-03
2.445507229852250056e-03
2.451017789186730935e-03
2.381835350996004946e-03
2.273178657157509230e-03
2.199012590467574330e-03
2.432388622300937948e-03
2.916791641604583006e-03
3.730711834593785844e-03
4.152668523935016884e-03
4.515043789987558710e-03
4.776885824854173491e-03
4.594698086509740702e-03
4.665301690182065315e-03
4.440381773674382561e-03
4.003821761375868891e-03
3.688023056602493001e-03
3.643720161525564223e-03
3.607583867868367159e-03
3.356041212275320731e-03
3.550289243404585859e-03
3.625738949133333871e-03
3.745595753321199258e-03
3.613879149746904076e-03
3.351619921109433211e-03
3.209633692027547610e-03
2.896414171183481819e-03
2.296575750574682620e-03
1.881274245467469972e-03
1.933279812320317986e-03
1.686235587338201199e-03
1.892046019465500701e-03
2.149965965770578736e-03
1.968395007152024152e-03
1.966947118500838188e-03
1.854620692167625916e-03
1.618921787288860352e-03
1.576250719991551582e-03
1.521718939376271243e-03
1.218470529878473707e-03
1.138047227289927651e-03
1.277754176147533928e-03
1.118890654601212850e-03
9.054546393670984171e-04
9.956361017297910877e-04
1.148859484495809912e-03
1.474990194727903532e-03
1.685444245926680197e-03
1.804336366543922952e-03
2.029726325377797114e-03
2.042248817446911356e-03
2.070359688981823331e-03
2.155086631376867522e-03
2.100639631087589804e-03
2.033524117820164744e-03
2.109028580983477678e-03
2.451630417288928020e-03
2.893107217638876336e-03
3.363400519460050826e-03
3.631434869753509456e-03
3.883298525431036659e-03
3.994788881060662780e-03
3.995073673608910865e-03
3.949749321717001792e-03
3.697796136452415061e-03
3.320829281304768944e-03
3.221655366584729070e-03
3.212181572266992191e-03
2.939325261779973143e-03
3.060317498264678547e-03
3.232827624847970857e-03
3.315279121048570442e-03
3.167625986264817079e-03
2.889661116733874269e-03
2.809927990653055506e-03
2.513765016377311669e-03
2.128347173394970742e-03
1.938329141244640036e-03
2.022697380214324384e-03
1.658903860496540325e-03
1.661623919310847809e-03
1.785824736714523029e-03
1.708734498301338941e-03
1.659303182613002187e-03
1.482505262060197608e-03
1.338900770740818246e-03
1.188506102304262482e-03
1.053496876931301132e-03
8.359977687181556439e-04
7.280032108207966542e-04
9.947178133669198202e-04
9.296906885450852576e-04
7.118881489840986430e-04
6.662341111195432862e-04
7.228332500307952041e-04
9.619682480851402158e-04
1.082046185222620797e-03
1.159039537675754777e-03
1.377304617683362776e-03
1.583531880515464795e-03
1.583393117564478548e-03
1.783614784375229254e-03
1.924689332273199450e-03
1.826999450632961226e-03
1.758163849206859867e-03
1.933979702118633365e-03
2.125824859650102955e-03
2.579700316067577368e-03
3.027354219648590878e-03
3.156340141301009188e-03
3.565675717698387620e-03
3.631131099617855313e-03
3.531023328084306138e-03
3.514680502745368400e-03
3.293276266521468452e-03
3.064691810649909642e-03
2.923189626198833321e-03
2.728233325335383680e-03
2.561466032544460706e-03
2.835386587153394550e-03
2.927687373024036137e-03
2.887249574329078805e-03
2.780376311424642786e-03
2.606976689067907332e-03
2.465582244562036871e-03
2.088418423313572435e-03
2.153701765994397738e-03
2.267378049003687841e-03
2.037627522162784987e-03
1.935001902534287752e-03
1.796530405177222461e-03
1.552672153813216670e-03
1.391230389004835099e-03
1.086904979706258476e-03
9.698269551808846043e-04
9.341965845452210229e-04
6.943197534149709183e-04
4.263315577611218022e-04
3.939328806519211738e-04
5.879949193705184037e-04
6.940106600865743802e-04
5.762653382826685459e-04
5.503787116912553208e-04
4.940111864800341432e-04
5.981329433514996977e-04
8.349675994818947251e-04
8.897553343698624134e-04
1.113499816566285942e-03
1.235373202096963193e-03
1.214991902921972551e-03
1.373460311526232503e-03
1.494503664182399291e-03
1.575549697638744607e-03
1.569404971524472137e-03
1.522467649894580864e-03
1.777697406992252791e-03
2.077573707950711602e-03
2.332875204127019420e-03
2.545469150841816325e-03
2.878083112866968839e-03
3.088210524927940612e-03
3.129027315180229942e-03
3.109815216963002400e-03
2.890001106011365600e-03
2.783016795358301491e-03
2.643949651415281564e-03
2.382270608469667580e-03
2.247320327951601773e-03
2.320644552471144966e-03
2.304882207962799176e-03
2.461206313046501119e-03
2.444712321943819620e-03
2.416669693513248326e-03
2.413313552793563358e-03
2.051596661671564042e-03
2.245814067795060855e-03
2.186875432829537853e-03
1.996319048690690240e-03
1.784878465223407699e-03
1.407842494551891704e-03
1.274145413057599374e-03
1.054494946375287168e-03
7.441806170696094874e-04
5.416572279199348460e-04
5.916941544691651372e-04
4.099878305936269750e-04
1.968297013950816451e-04
2.429840732598682136e-04
3.375566358568084279e-04
4.699204013849885334e-04
6.352168916757456891e-04
6.156482226004732087e-04
5.371511450449098198e-04
6.207649843623226594e-04
8.495766041027139233e-04
8.133878279747723452e-04
8.338005884957686020e-04
1.014294625060632379e-03
1.061154293510278498e-03
1.094870381773550231e-03
1.307711120511948540e-03
1.448731350150740628e-03
1.518459376643348886e-03
1.550019764763318347e-03
1.662718519909431140e-03
2.010519554392646482e-03
2.040987596356210691e-03
2.136649314117363644e-03
2.405697869062189877e-03
2.516333325181923861e-03
2.692345738845780198e-03
2.728647995976250969e-03
2.757210728416340222e-03
2.745920739124662301e-03
2.625216111330583735e-03
2.596043147663357805e-03
2.389038902818039524e-03
2.360972831884645181e-03
2.189919753136690839e-03
2.164717378515884031e-03
2.251187795509524119e-03
2.203111337494990940e-03
2.337170007009273329e-03
2.243834010487131669e-03
2.400939544066216496e-03
2.233800424739178919e-03
1.987156004066516993e-03
1.958621946097217296e-03
1.531873358061075583e-03
1.360200556316168907e-03
1.327157934393057102e-03
9.872024584616358005e-04
7.800135624076054864e-04
7.771067738575857149e-04
4.433357766894992788e-04
3.337654617744707395e-04
1.227653542379604924e-04
4.134692126829296257e-05
1.350145405858338063e-04
3.502089992673256967e-04
5.805518646103677901e-04
5.093075971087112925e-04
5.667587444955446375e-04
8.525445934844328236e-04
8.168270136176003244e-04
7.506303901203590463e-04
8.665790838219736931e-04
8.392010232501590991e-04
9.980673438452732690e-04
1.119762247693173755e-03
1.288066089328409290e-03
1.514761822418939693e-03
1.658871533345988598e-03
1.749761888269046059e-03
2.076927622382290350e-03
2.088781295581780464e-03
2.066039506693955006e-03
2.265495902905598560e-03
2.222417525091260372e-03
2.288020086597688640e-03
2.290819062868975579e-03
2.234596922165649983e-03
2.387504244751150698e-03
2.377091142454756771e-03
2.399609867532704992e-03
2.370347697927553503e-03
2.434476199211481600e-03
2.175505525906276747e-03
2.062415612001772779e-03
2.038464517429160097e-03
1.899106267755230329e-03
1.866404180292437990e-03
1.948157408746779970e-03
2.090543973910084351e-03
1.894610285744047044e-03
2.120688124734290518e-03
2.087674761296096342e-03
1.554661269681950750e-03
1.447956949236375510e-03
1.209688568879938595e-03
7.683429317958349186e-04
5.714348367391075849e-04
4.833688001589439565e-04
2.600564883627649328e-04
1.816940130290090364e-04
3.674214696967318170e-05
5.852371124805392404e-05
1.878449104133744351e-04
3.697750150191770669e-04
4.414747077691160153e-04
5.176370273327696647e-04
7.165066392706291630e-04
7.235179359704117623e-04
7.495556771230069181e-04
9.045844281099800271e-04
7.839506044586806461e-04
8.162922348575517382e-04
9.495590388590358826e-04
9.606298705976154366e-04
1.120385421606500797e-03
1.198403786222622608e-03
1.349299774409747467e-03
1.607870526447518350e-03
1.804842591570208696e-03
1.898374168495420072e-03
1.860841103827995694e-03
2.086123317956115920e-03
2.082062228999761403e-03
2.056105200514692869e-03
2.160511624591616216e-03
2.013368123144679972e-03
2.101457404005346256e-03
2.180976471738833595e-03
2.274966730825917372e-03
2.352559096285209133e-03
2.305740154585695072e-03
2.180652212370461432e-03
1.981167664234628062e-03
1.870002568528665718e-03
1.748588479774351463e-03
1.693879646588981923e-03
1.919455737314071375e-03
1.905662722289002070e-03
1.845230573178739935e-03
2.019142994076301555e-03
1.724790102610168760e-03
1.596988505086913406e-03
1.426085194206260995e-03
1.040314333946789791e-03
6.389447380203778972e-04
3.834496278419436441e-04
2.151783629364620309e-04
2.230798429440500070e-04
2.034183255170706243e-04
3.939314328554858633e-04
3.082083909460387535e-04
8.562573482630278705e-05
2.524083830465437836e-04
3.348873131181483468e-04
6.819995562254174779e-04
8.203620110684776675e-04
8.569084994302135234e-04
1.105554058014604751e-03
1.242103451585503627e-03
1.169656009836425332e-03
1.261381186921489142e-03
1.237878176696760287e-03
1.177514749958759538e-03
1.210370188685432188e-03
1.143566944962366109e-03
1.090417510943129595e-03
1.341963019459212290e-03
1.466035606303298881e-03
1.594721745147277764e-03
1.716816058221290985e-03
1.872189101097668229e-03
1.991609312405022512e-03
2.011781200020570665e-03
2.048609176923730287e-03
1.988488657438419304e-03
2.026243013693018128e-03
1.962843068429611943e-03
2.094362136707768156e-03
2.212488168487362818e-03
2.064366644787420275e-03
2.095656930228185274e-03
1.952812171387815349e-03
1.768756958829726354e-03
1.610916957544131873e-03
1.413576918450383827e-03
1.705843039892723746e-03
1.742400267221597783e-03
1.552661598093924315e-03
1.649894759728107955e-03
1.434417927642457104e-03
1.316303371183168624e-03
1.141720383663341696e-03
8.992204421002766889e-04
6.058577558887896135e-04
3.100447855980095388e-04
3.098440664443037639e-04
4.789494113067813835e-04
4.035356705578607619e-04
4.940838750496009003e-04
4.544761158979159833e-04
1.988153740258666476e-04
2.074222594072067821e-04
3.074704488635454625e-04
6.551518427844440964e-04
9.200882868177634455e-04
9.725189072719280653e-04
1.110879083999029683e-03
1.330842342743330728e-03
1.289446525428560334e-03
1.405897552459460043e-03
1.391386415404733713e-03
1.249061968369857270e-03
1.351971269247728485e-03
1.318710055011898096e-03
1.121512047828672736e-03
1.176491040488890881e-03
1.306887896069143214e-03
1.374236823569795728e-03
1.510164988224416832e-03
1.644005678534278059e-03
1.703514860054744593e-03
1.825876894545799345e-03
1.821707950066049587e-03
1.833674536654914498e-03
1.895477512307584605e-03
1.869700038000286476e-03
1.756046524451854163e-03
1.855731995345006940e-03
1.898602101180034939e-03
1.740195049059303865e-03
1.682963124434821165e-03
1.532553587791538616e-03
1.537104606823062360e-03
1.258905501884090544e-03
9.719115623484710651e-04
8.712660459670030881e-04
7.588364131976153750e-04
7.508832666381062750e-04
6.146089032509824673e-04
5.362279751150191270e-04
3.516448615442817403e-04
2.810275920839805765e-04
1.490918308969311600e-04
1.596942723899238688e-04
3.821101335870213402e-04
5.614388076116107662e-04
5.232524742309528848e-04
5.867917231727813425e-04
6.518541487053983608e-04
6.246480319242180435e-04
7.335196536661553511e-04
8.629156031831183762e-04
9.733647779761376130e-04
1.129510534070055344e-03
1.172738187774646085e-03
1.317103739241921824e-03
1.428929292302917337e-03
1.398699527334680689e-03
1.384326069246377905e-03
1.336533409968762706e-03
1.292957084967033370e-03
1.299804708521913122e-03
1.300428111150173441e-03
1.217271953894922491e-03
1.289126923375014718e-03
1.359980150880354651e-03
1.340252501992908723e-03
1.410030871974961037e-03
1.458673146019675909e-03
1.523623650926768641e-03
1.543244108496022102e-03
1.634597730147160401e-03
1.728315556633011185e-03
1.795658746575579676e-03
1.760113996810300317e-03
1.650122859651324261e-03
1.615892950789967007e-03
1.603275389141435798e-03
1.589685060628744182e-03
1.550225089445718971e-03
1.418666770179466061e-03
1.232258189734222005e-03
1.074781940120353657e-03
9.294823549903408633e-04
7.307558950245610085e-04
6.549405248705845095e-04
5.761378411650451732e-04
5.505046364548447186e-04
5.597274225841007310e-04
3.076215785614568282e-04
2.929518107356694160e-04
2.395837699654144244e-04
3.505973280136778693e-04
6.046066623077980600e-04
8.108595892372800996e-04
9.235964387012745788e-04
9.735533420341316432e-04
1.065408074001558897e-03
1.082252980878805823e-03
1.170800419473368419e-03
1.133797821632458657e-03
1.174657753698831169e-03
1.268258914706805714e-03
1.325984760706309462e-03
1.437636564506138614e-03
1.539743902488825743e-03
1.547609548576115443e-03
1.534161285019513231e-03
1.549390973433832121e-03
1.486267001283784160e-03
1.454951280891054240e-03
1.359662882956733749e-03
1.221410968663112209e-03
1.161168965447166622e-03
1.112632889602807335e-03
1.122446752515540800e-03
1.125524512648327794e-03
1.101927987115363348e-03
1.091941317041328439e-03
1.154329275613665733e-03
1.263170692332380536e-03
1.348066294234879494e-03
1.393009101437036679e-03
1.414707839488117984e-03
1.358594412480899124e-03
1.335449281069017724e-03
1.367813844037403612e-03
1.340172145026836178e-03
1.362856764289132813e-03
1.407988355691729100e-03
1.387486817292917863e-03
1.182194683867040163e-03
1.048675861186535276e-03
9.274173465672556210e-04
8.088539977548594214e-04
6.476378078269115447e-04
4.416999203969327551e-04
4.292838018530390214e-04
2.895334438695604316e-04
2.495703735488430733e-04
4.194199945706413154e-04
3.480267252252927201e-04
2.770042477702241166e-04
3.993349428238801612e-04
5.315349761318985747e-04
6.740990108823890093e-04
7.560347107338121278e-04
8.663560838935649303e-04
9.712467795528212117e-04
1.117974947946729887e-03
1.212077253350557970e-03
1.349821433144467306e-03
1.409500465047039668e-03
1.468527392224266807e-03
1.590541882432660583e-03
1.614933178103739259e-03
1.636952647217695131e-03
1.602896323160754805e-03
1.520571820314793599e-03
1.472359465943663117e-03
1.333110527840647690e-03
1.230554813681295325e-03
1.129706837876376206e-03
1.174227689260085765e-03
1.146885155023230412e-03
9.999116022717433570e-04
9.428289505245486578e-04
9.353688620135493063e-04
1.013136521465025659e-03
9.746815397790839801e-04
1.033254989386171458e-03
1.231321980988815852e-03
1.286433903388236417e-03
1.291524376883475657e-03
1.260873575741627362e-03
1.294880751875667401e-03
1.283615440863149475e-03
1.235660938394118891e-03
1.160994309085936144e-03
1.111286261307438102e-03
1.050518141370552702e-03
8.322192161061161110e-04
6.447060977524071788e-04
5.816469318649442662e-04
5.619694783268243832e-04
4.085387813597293706e-04
2.024770043330617207e-04
1.624639216517274908e-04
2.588529206534837955e-04
2.414348968716340405e-04
2.469888408790673999e-04
2.541437554998480890e-04
2.931013228933207352e-04
4.334901134105676921e-04
5.889942399690255726e-04
7.173673387679688684e-04
8.442308573716820726e-04
9.897682749289611354e-04
1.107418285926118490e-03
1.227018693512490566e-03
1.270351337693002109e-03
1.331222544546398819e-03
1.375304698216398046e-03
1.475901788340047271e-03
1.536366034776699696e-03
1.495918863662948611e-03
1.485953818744563176e-03
1.450198787328889566e-03
1.375658022195061850e-03
1.371232496540816500e-03
1.393014405156462561e-03
1.356599705918605037e-03
1.208120199636597428e-03
1.159835458522667437e-03
1.193835563315577639e-03
1.123285588114347928e-03
1.044849577771085137e-03
1.086718918858243154e-03
1.035063348037405014e-03
1.037514391599341076e-03
1.121766397017344950e-03
1.140233642916046401e-03
1.162009572325220074e-03
1.084223954412187997e-03
1.036572434960925711e-03
1.006199427092540743e-03
8.909466736600480915e-04
8.059580506058496539e-04
6.754687749129966497e-04
6.461407032679556068e-04
5.044839736101557276e-04
3.282216865553750111e-04
2.685476980689978452e-04
2.846505025752420095e-04
1.941398862569291379e-04
7.160570309983107216e-05
1.498526126711366034e-04
1.495016616714446220e-04
2.178297727237057187e-04
2.817456666333029418e-04
3.296052472616639020e-04
4.164558325365688555e-04
5.313116110671387525e-04
6.635673820491660643e-04
7.806975299969212516e-04
8.906035834859339509e-04
9.583426984157919363e-04
1.015272025445925971e-03
1.046213180082913689e-03
1.120971515129345116e-03
1.198568278762671266e-03
1.295026426938983418e-03
1.334761867228157839e-03
1.339121486512733069e-03
1.383627512511852306e-03
1.296073737914167070e-03
1.269499202512229096e-03
1.279644947853196242e-03
1.206191807127816309e-03
1.236397185609760174e-03
1.170979653382959659e-03
1.049754338148335686e-03
9.672360868247570267e-04
8.867012720925944880e-04
8.725591138012505060e-04
8.079366895426560308e-04
8.046083872752920812e-04
7.477963448370699307e-04
6.495228890817785015e-04
7.291914068173495746e-04
7.677539831893437751e-04
8.071452310770840062e-04
7.682129558027103039e-04
7.372712572490595744e-04
8.128653223626537867e-04
8.442279538121577479e-04
8.343324164964236334e-04
7.091611941820106764e-04
5.858382416239916318e-04
5.123837853648275775e-04
3.899257212205988182e-04
2.503271576074316126e-04
1.669089505445877112e-04
1.720934721341379722e-04
1.212735073098246039e-04
4.904004798030934631e-05
5.844735719799077457e-05
1.809567688521113106e-04
2.102690525647643517e-04
1.761270661626986543e-04
2.040679087642026390e-04
2.815637878709686894e-04
4.161596061270559743e-04
5.784705903559198394e-04
6.548015507366422659e-04
6.914631643664155688e-04
7.249188146333613789e-04
8.015710607089170060e-04
8.615509270485305956e-04
8.910132056268378923e-04
1.018130831475899320e-03
1.099635041271287668e-03
1.139392044429524652e-03
1.175554020662127920e-03
1.152174197848370666e-03
1.100938214386305673e-03
1.104682517091418572e-03
1.122926540842172048e-03
1.065112816762093942e-03
1.106115351253992652e-03
1.071469480277950897e-03
1.008458554866859327e-03
1.015125028210709345e-03
9.420187836922479024e-04
8.629264207600164261e-04
8.634988303389497027e-04
8.810882487043251781e-04
8.899108688138644349e-04
8.159995094317539204e-04
7.822049020285500465e-04
8.481700715219681226e-04
8.622543278999501544e-04
7.969831173756513221e-04
6.700564533696440556e-04
6.919157017927749127e-04
6.448234072834981489e-04
5.545891741927002749e-04
5.590495313445917455e-04
4.236090899208208734e-04
3.288762556253380901e-04
1.540317658217774425e-04
6.239010112134944362e-05
8.440113179489927434e-05
1.368460121238287259e-04
2.284259627568253621e-04
2.862383972054956737e-04
2.665038368422871637e-04
3.113042893853547495e-04
4.250836733119009534e-04
4.242263102919458244e-04
4.602289400208412493e-04
6.425156089831855722e-04
7.695122067669704895e-04
7.914730020474080360e-04
8.224652217299645556e-04
9.158623749529133705e-04
9.523735424153598715e-04
9.738825910670609884e-04
9.668467550587043005e-04
9.584710369230141445e-04
1.021751708612697596e-03
1.044846940175269768e-03
1.029607576300558148e-03
1.055245716489088123e-03
1.017807410641998617e-03
9.196415444178174812e-04
9.330563696165507237e-04
8.812290680656714552e-04
8.561784980045393815e-04
8.290221108075743845e-04
7.441264178386568055e-04
7.514526122761258512e-04
6.988020446487803279e-04
6.295582320907164428e-04
5.916314859620865584e-04
6.154079960631850558e-04
7.314585624267239431e-04
7.466170301734323129e-04
6.481374142059238104e-04
6.775537099048950778e-04
7.106641775403395919e-04
7.172286648882234559e-04
6.202501606804219090e-04
5.331588731038829684e-04
5.053732012396898845e-04
4.915571197941830334e-04
4.804921170655616783e-04
3.230181453757881792e-04
3.545232184163121434e-04
3.032206769558269937e-04
1.244609827799952266e-04
1.122687061322210310e-04
6.803548117865119928e-05
1.085200713427426650e-04
1.555768933671799450e-04
1.185305786576386838e-04
1.844454738991740668e-04
2.349280662065616608e-04
3.571323252223136745e-04
4.787080077270972262e-04
5.643840739484114362e-04
5.713553515395585923e-04
6.252625797681615576e-04
7.292598423698227724e-04
7.742756608022858785e-04
8.331743608812439443e-04
8.542487799913307985e-04
8.422566062271135334e-04
8.521405345718776865e-04
8.811356744391331351e-04
8.501772565898732927e-04
8.368045030913647030e-04
8.963192161008476334e-04
9.163304972198305521e-04
8.684304370046576176e-04
8.698662277580361275e-04
8.244146357651041751e-04
7.918231440930540961e-04
8.224218970062552357e-04
7.722852154192315485e-04
6.763348531894943210e-04
6.325960631519103768e-04
6.237853049478247688e-04
6.055227382974928511e-04
5.685231876637461199e-04
4.659521849441919600e-04
4.230828971501990462e-04
5.315761843443225429e-04
5.550270360133749371e-04
5.391550163714305078e-04
5.680242299657615838e-04
5.632852295883891648e-04
5.445294578160618385e-04
4.677496916393283802e-04
4.571317108617863707e-04
4.671691021033475585e-04
3.880195341556878070e-04
4.013706203457822986e-04
3.925845888485846058e-04
3.058435811174142586e-04
2.142873882475480874e-04
1.614154946675107956e-04
1.453249490627027006e-04
1.605808761541300796e-04
1.711591918027233271e-04
2.415303028577187483e-04
3.499384394501069964e-04
3.814395524128852020e-04
3.986397578220422636e-04
4.386030673169653447e-04
5.023042261246139003e-04
5.467307882214398783e-04
5.539926476916210438e-04
6.502895848068972109e-04
7.653822351334008123e-04
8.268305520339028257e-04
8.497235946704584202e-04
8.270277758892895931e-04
7.946109355782795180e-04
7.929334432615574562e-04
8.131006041823253495e-04
8.558387180214178632e-04
8.857871610784645534e-04
8.521435869048356879e-04
8.554290962473091661e-04
8.373826824241034595e-04
7.690838695080411385e-04
7.154710437113991593e-04
6.680712974889865775e-04
6.613829141975830503e-04
6.486355474869834282e-04
6.410050467494551570e-04
6.201516063915269361e-04
5.990875262120910370e-04
5.069594400534669417e-04
4.171843602473265670e-04
4.204616465986441053e-04
5.027038342596776852e-04
4.873462323979728741e-04
4.157233133273292012e-04
3.850565036823537404e-04
3.829244197688441774e-04
3.971731629138205229e-04
3.017572685499625320e-04
2.331952034968714864e-04
2.670468369169088805e-04
2.802697999617096499e-04
2.822962044872177087e-04
1.828684857068701075e-04
1.238294942157523303e-04
1.405401286407460652e-04
1.390623328564284189e-04
7.468842919463760776e-05
1.016983435010976165e-04
2.156299105289034466e-04
2.674910767596148497e-04
3.098813743743667089e-04
3.271874573423882949e-04
3.522443427137014228e-04
4.120094840122250123e-04
4.587270963724432568e-04
4.688592259800868208e-04
4.635715350805494459e-04
5.660236323032373550e-04
6.396451695410847226e-04
6.178791408354274107e-04
6.401361456737419747e-04
6.704340674011114104e-04
5.868442335934735514e-04
6.399130169505846911e-04
7.108027650756886364e-04
7.442578351315622251e-04
8.021516602117035287e-04
7.504100197042618426e-04
7.758820958539414114e-04
6.810988468535507075e-04
6.278675890430837842e-04
6.493643809349525665e-04
6.436306774323311128e-04
6.843606371099763891e-04
6.434421273107358841e-04
6.320332969565090227e-04
5.904470107063213751e-04
5.284586272165319549e-04
4.749747134422305553e-04
4.228180029471949948e-04
3.873209956641627963e-04
3.833863158298781923e-04
3.430479359085216590e-04
3.189777002574832577e-04
3.176503454785974947e-04
2.255930294223941609e-04
1.908380677510394027e-04
1.915588845512093631e-04
1.686788958876635203e-04
1.526331573162478924e-04
1.077178029095760231e-04
7.737375258697794527e-05
7.099921427657336170e-05
1.074292918516985202e-04
1.558813595084681007e-04
1.927723861191496914e-04
2.382083643976556930e-04
2.348249867727801999e-04
3.550110956266178098e-04
4.406908149268092315e-04
4.350972858705899615e-04
5.001806324110111713e-04
5.009876049560234735e-04
4.927106973442502060e-04
4.454291185976457629e-04
5.004210577952276136e-04
5.840689582295516746e-04
5.844928677461808325e-04
6.079777937944765443e-04
5.813857944715353438e-04
6.493961848029129909e-04
6.748672768580424612e-04
5.297620465533016063e-04
4.930897087314789354e-04
5.536277519413334213e-04
6.019209274532974670e-04
5.929580147781860367e-04
5.436879490021745334e-04
5.448460986174723502e-04
5.096180029424329577e-04
5.019583791160538112e-04
5.274477068878808111e-04
4.691580826051474501e-04
4.477256951017093188e-04
4.161855828614941639e-04
4.275392377373002243e-04
4.536498792923789047e-04
3.793185796798920488e-04
3.318680382566065699e-04
3.202977315367987340e-04
3.371371184604137817e-04
2.793494845576388846e-04
2.984812783714826750e-04
3.343055981132754518e-04
3.311142983827334262e-04
3.080823641148742608e-04
2.705478396772663537e-04
2.332474600013457284e-04
1.903673397517768580e-04
1.463808804974578404e-04
1.075220741903395457e-04
1.047300591490056890e-04
7.614022200722397817e-05
3.322315819287494754e-05
3.732220466448655675e-05
3.026327091314631504e-05
6.622711512833382894e-05
1.701877467781285139e-04
2.616305129493470610e-04
2.990025697048580853e-04
3.263646303181630555e-04
4.227166095137505162e-04
4.775374063898119850e-04
4.381021395718442089e-04
4.044090159253641600e-04
4.671199905083400056e-04
4.678710609173712112e-04
4.762275981131235017e-04
5.503035791674393013e-04
6.396347237253877062e-04
6.479678908662541911e-04
6.430940313963307182e-04
6.219780179110345536e-04
6.850936950294851452e-04
6.633019147372433465e-04
5.718121669020326606e-04
5.992162152987873334e-04
5.958544480518116263e-04
6.035425012170795482e-04
5.466755021175317367e-04
4.873236223746185941e-04
5.156182473610956048e-04
5.346591989142699753e-04
5.613946713199315010e-04
5.069383014093627095e-04
4.248693058502432717e-04
3.401784833931044698e-04
2.908063797560650346e-04
2.940618934649079906e-04
2.751427352137079778e-04
2.770009505788852567e-04
2.815027622659484847e-04
2.656996691993999331e-04
2.858841504950295539e-04
2.474227591738282031e-04
1.655121146542228667e-04
1.311108546677859621e-04
1.543055140428046135e-04
1.207282221066930501e-04
6.204704627072609889e-05
5.098566142285230026e-05
7.509733621908798755e-05
7.999147603383423212e-05
8.592034607037991726e-05
7.950329561321047922e-05
1.834219863361869786e-04
1.626053154453304935e-04
1.432488528997191203e-04
2.626287626775645969e-04
2.595556874441102809e-04
3.426218136031809053e-04
4.580358644972196071e-04
4.606808954904302762e-04
4.200588267314253523e-04
3.996732860557109857e-04
4.398969369197656249e-04
5.063569044124733133e-04
4.970590527983668062e-04
5.327194714830322695e-04
5.398191532249520166e-04
5.439408317611378564e-04
5.411760003164806576e-04
5.163437368183517199e-04
5.723222896375022416e-04
5.266712743809482322e-04
5.299634805764731962e-04
5.290453104444347134e-04
5.410606544989956905e-04
5.774476718899851932e-04
5.282158038576552014e-04
5.015521992726107263e-04
4.606622238617944193e-04
4.022960745627794654e-04
3.700246529479868504e-04
3.557364392518740201e-04
3.039154196001486600e-04
3.243963543457733341e-04
2.785430353539402270e-04
2.400914087877667957e-04
2.533468783899183070e-04
1.717457347562843014e-04
1.484682235083388329e-04
1.545432759695558698e-04
2.031719150077134612e-04
2.201667638654923901e-04
1.687813651702896323e-04
1.126908214299468015e-04
9.893984523303324537e-05
1.140546215874769273e-04
1.024514282471522162e-04
9.634943374323080758e-05
6.684768730109837771e-05
3.612923652713244681e-05
1.243337330552572468e-04
1.643344413959196544e-04
1.672892727741468204e-04
1.350632841819316126e-04
1.504257512076522462e-04
2.278015100622314613e-04
2.453857607771792464e-04
3.496821922136351219e-04
3.960986544608939542e-04
3.404816843761478834e-04
3.386865980995114214e-04
3.228578963963219862e-04
2.863332686961810795e-04
2.884843822707952436e-04
3.553445065422309625e-04
3.992945907421938936e-04
4.466836994590804642e-04
4.390898818328038103e-04
4.603651998996639481e-04
4.448136829504533091e-04
4.045751315047589136e-04
4.608742229224138242e-04
4.957162000177229742e-04
4.638695016731468721e-04
4.921498171092966679e-04
5.232567256813519703e-04
5.062713753636161442e-04
4.197168041638493796e-04
3.794139456491956624e-04
4.181996544537469585e-04
3.601675191832432680e-04
3.024807071496630356e-04
2.944095328045684564e-04
2.575444348207085320e-04
2.240276671590926618e-04
2.064293404838330208e-04
2.465840729329680375e-04
1.935957096839791372e-04
1.831729845030541674e-04
1.772211769762800963e-04
1.918939922233565379e-04
2.040962712776586132e-04
1.394355604435460188e-04
6.554811186423556999e-05
3.257866406479165941e-05
5.689492209541755326e-05
6.331782539153058562e-05
6.723921050077342608e-05
1.023373824957168551e-04
1.085193310833327423e-04
1.207847762605768015e-04
2.007051986414785613e-04
1.971268039626228980e-04
2.578836669589063273e-04
2.784274058915026822e-04
2.956205785524283151e-04
3.064917890592395414e-04
3.020212119965257763e-04
3.891234817102976894e-04
4.154322974308650150e-04
4.101438198887892594e-04
3.757969453754348007e-04
4.753332978592971609e-04
5.433387974170931665e-04
4.904814134141321060e-04
4.234779321330240450e-04
3.881376013170911052e-04
4.414953566381230325e-04
3.946825390049856505e-04
3.415849884047087478e-04
2.759477126351535443e-04
